{"iteration": 191, "fitness": 26.052200450456052, "parameters": [-0.09956725027143709, -0.29337732621448653, -0.31383398036090815, -0.0679213171427481, -0.02810934729960572, -0.8594223933951091, -0.45908953045397755, -0.706664780990046, -0.6483956743711417, -0.2717197184374369, -0.2933061346803001, -0.21574832363886123, 0.3553921990491773, 0.03750730823470834, -0.34440282944698586, -0.3241759314520542, -0.03477686046949341, -0.06970159788233594, -0.38942799409799794, -0.12914624071843261, 0.35725353077430483, 0.22709920344833598, 0.3115512489478205, 0.6569421813974947, 0.2288763242486889, 1.062876235047401, 1.077874725187897, 0.27679208244148984, 0.5078890408961997, 0.5965338969638966, 0.4034867386774479, 0.9958748740920879, 0.15126998388692303, 0.7977044313230158, 0.5265230620117052, 0.3569965741523201, 0.5746401884535285, -0.1761269506237262, 0.6187871678177083, 0.5741493960261723, -0.12164509089636104, -0.07798922142808057, 0.4291789047864525, 0.4959732754191863, -0.44909793245614593, -0.24396149465087916, 0.012565785214730165, -0.4379463628794648, -0.5856126315525907, -0.14853971980313968, -0.26749053645531196, -0.7022275608908441, -0.2969125658611982, -0.31799018934784273, -0.25259284934709797, 0.07415640571977515, -0.032939248252850065, 0.2772671176209329, -0.010454841301588587, 0.2587084800987701, 0.09199136774708051, -0.17696650619046803, -0.025821851638064365, 0.19193294511626555, 0.2650621278623555, 0.02500068298165598, 0.1776888134932727, -0.09688446165006823, -0.099559491014743, 0.0558424038759461, 0.3184196180566342, -0.15538800999378777, -0.38009341884531106, -0.4457447457547878, -0.27889208282576633, -0.15632264563277287, -0.47714078442029956, -0.652515495419246, -0.2698908787000304, -0.39618531900637927, 0.507564981532263, 0.07954428342742309, -0.49164528461487794, -0.5680957781263555, -0.4287269087610372, -0.3178456697295905, -0.38883446186042314, -0.5806441334147935, -0.4846126883213651, -0.688291774120466, -0.16443341878205953, -0.35726740388975764, 0.25593669826087495, -0.45172045700901736, -0.34073087424098286, -0.02127613624251513, 0.3753859887924716, 0.09601969537673725, 0.3624503087375167, 0.26790347304431805, 0.5110600690234786, 0.3871796126276994, 0.6260164712639471, 0.346111783893432, 0.353824719403447, 0.36795432587578486, 0.5452082872204863, 0.5554781133019114, 0.6330480511308648, 0.6886567032229018, 0.15986478120820125, 0.6374713825687389, 0.7614342205848577, 0.9118514325233732, -0.0654956198416598, 0.43855727743677353, 0.526130418967642, 0.5838672005264272, 0.24646978145231335, 0.6238556280710099, 0.6782045257801185, 0.42826089172324683, 0.03950065243249712, 0.2223026670464173, -0.061463318664738864, -0.403839452539407, -0.37472270620196374, -0.29755428808198503, -0.21171422224312167, -0.4173199705597264, -0.44969998950612133, -0.8978978472413819, -0.5182568748011479, -0.44605228733460056, -0.025896291406297674, -0.25085565247873876, 0.4113931471445314, -0.07488099096388427, -0.5649357657789116, 0.05689176195524515, 0.11490073884415916, -0.0034579338559988363, 0.12702115848827789, 0.035132628751905565, -0.12338526973597476, 0.40211539101802196, -0.22394925439269506, -0.1336898796391474, -0.36361831709789555, -0.12137658254590972, 0.15468582692850147, 0.22667974984231096, -0.542383081864569, -0.2239306377418767, -0.4037866364421267, -0.5720879489106173, -0.5631765133025911, -0.17942291223939244, -0.40115029938580177, -0.33498311368953726]}