{"iteration": 143, "fitness": 29.308237473948495, "parameters": [-0.3191583311459622, -0.22753045002642838, 0.18447364551960227, -0.29662214304087275, -0.5653881291813164, -0.19855456914651723, -0.2364193548510239, -0.12868115272834818, -0.2638023854690072, -0.24248329027321955, 0.10517800865691773, -0.4797726867227819, -0.31441529005661706, -0.022716527232932538, -0.20697284636393232, -0.37799654608732214, 0.1314993816181129, -0.20060851020737042, 0.33888838029253576, 0.12694150522699404, 0.29471395216770396, 0.3555352871234049, 0.5027430050889856, 0.6802019024320034, 0.339458160478043, 0.29665475609867487, 0.6039529589714239, 0.6126973697667398, 0.2038796255894768, 0.6459327975418804, 0.7112535719687372, 0.6969104875697869, 0.2855786526252007, 0.5475202614972984, 0.6495585627196104, 0.6941887818530861, 0.4855657691974103, 1.0647536972523954, 0.16538422338143616, 0.5414834343084812, 0.13011413782275705, -0.34013543341325264, -0.7258979830725549, -0.5388562632435066, -0.04224185198740126, -0.5304621840956979, -0.1309594853950135, 0.14004149827906084, -0.3109066765534616, -0.05020561474290946, -0.406415985135195, -0.11106330954342751, -0.5042846428085277, -0.17821168946166202, -0.1821677964037672, -0.0001577465492019071, -0.6946790520688662, -0.08649666699405595, -0.3042172774419837, -0.6760534767358185, -0.14553127006868952, 0.06623600051939713, -0.0882051299669997, -0.3694418320822286, 0.18582803745453175, 0.22731652632897284, -0.02124017905120007, 0.010092828477591288, 0.02111826946328523, 0.21599830711962203, 0.2553387985803531, -0.2274851975581324, -0.1550180496419917, -0.00583380998922498, -0.31579348374531707, 0.07318870240020171, 0.004134137196650398, -0.19133244537861438, 0.3260499976923299, 0.4731826744519444, 0.049847333913849184, -0.404470374026154, -0.16005949856391194, -0.006982556998814236, -0.3443881798064329, -0.36096908649892673, -0.6958779497759996, -0.27734295734084263, -0.37812371325059, -0.2929622060986962, -0.4343117145543414, -0.413057719949404, -0.2303980323494864, -0.17329365218597856, -0.033335608551890376, -0.11147072848798739, -0.22196923589988463, -0.10461698025749783, 0.0450268211501486, -0.225673866239173, 0.07412040029086202, 0.6337347620574167, 0.7013162489727695, 0.7501054936025238, 0.5951335875869412, 0.5067477888622246, 0.6529619222151248, 0.630735227271401, 0.5596606507889081, 0.8211905980351024, 0.48778549823188155, 0.5233052024450602, 0.16322146615460578, 0.2152280066089433, 0.279929841911608, 0.5520146912314979, 0.42711401538528443, 0.14696534037260203, 0.7608187706406837, -0.15363147512278857, -0.3608176743148097, -0.06368639832088752, -0.15242876873880903, -0.18324284425875265, -0.25776616656822143, -0.37464448649097915, -0.44007178395819474, -0.3911157644785978, -0.5335657304762029, -0.6024743232526464, -0.3869556220714711, 0.27070329666821663, -0.29168489700372313, -0.27272877635866954, 0.02112008019070218, -0.08278987038210787, -0.5692776518340414, -0.38557527367250305, -0.8121512022837669, -0.19829546822260338, -0.09018821452069728, 0.09264343127276303, 0.2194816812781234, 0.5402905421057098, 0.05681379935111117, -0.12036517649552768, 0.2377086313120803, 0.08640326970982697, 0.1960380045263237, 0.06624315557276533, 0.4596590273042048, -0.12066268621536413, 0.06509102137286955, 0.16497642178782443, -0.2535937702294268, -0.24697201691030765, -0.11171480366045297, -0.07016329715561309, -0.15360326793906223, 0.13076285344998195]}