{"iteration": 468, "fitness": 24.11278888773956, "parameters": [-0.24009118009177413, -0.09045286715772607, -0.3467344506125806, -0.018059041358038385, -0.26018133702058344, -0.6424540351599012, -1.2978145020437475, -1.0832645562205847, -0.7210990504660069, -0.2257940564688074, 0.19709496735598064, 0.40237833279938706, 0.020641102976693314, 0.049833405490828445, -0.2822678818612903, -0.37940072357389715, 0.12262191843697755, -0.45102017448360093, -0.1556927470330599, -0.16411509819473194, 0.0335757055074621, 1.1298671721786588, -0.020071130425978842, -0.2305493918023518, 0.2471415064305486, 0.1331648086508441, 1.399050738725028, 0.7604999228494719, 0.8827001720748302, 0.4242957167960459, 0.3979387024548373, 1.007136672543018, 0.6485441896111777, -0.42657024909886926, 1.871963331685034, -0.07313029303194939, 0.6585966873388273, 0.5098311986920427, 0.24914386331293834, 0.6346690694894518, 0.2065529722834471, -0.4356560896557147, 1.156782178696713, 0.011386546951745872, -0.7314290587343248, -0.033342208914186405, 0.2643949283307225, -1.387198084203589, -0.2576397209345441, -0.2923585652160233, -0.2111536670005308, -0.8248587809305296, 0.15846309060877453, -0.4553441902087819, -0.4638081695427525, -0.030791955184175473, 0.6582621694351798, 0.12023126483609287, 0.03682574007866201, -0.22184616496575316, 0.7272252924067282, -0.7716075462886867, 0.20199581744506828, -0.02693862362175293, 0.21118418424073768, 0.5227774732304593, -0.1945260837964682, -0.21144775247395384, -0.07621474964134822, 0.573760880153656, -0.6397723553472934, 0.408995317634, -0.4972155246840157, -0.11960180107727385, 0.18287893644918682, -0.4932479689351739, 0.14360435435543845, -0.7605591902868857, -0.5560483201685885, -0.11410556568983017, 0.3975645750276735, -0.4766548433499241, 0.5074371340936489, -0.7023513706310553, -0.40610124189927915, -1.5146990424405433, -0.23827826222331916, -0.3235084974984904, -0.7349046371907356, 0.2133512231702243, -0.5747740214132109, -0.3178355489273689, 0.02462830395165067, -0.45167354759586276, 0.047579327549623934, 0.2836835340210017, -0.2997700971116474, 0.5940866331050241, 0.66603153776394, -0.24749655014298572, 0.4884885189367346, 0.5260443972152153, 0.7733043715191112, 0.10176080523563222, 0.6044697466030624, 0.6860141339412545, 0.8733111565857624, 0.6580760230099617, 0.5602961557989853, 0.2625153200127134, 0.3682116217008115, 0.13371023285476283, 0.9045710526472379, 0.5320561490918776, 0.7758901024160897, 0.4558272344003085, 0.6521887568308059, 0.5185884792983747, 0.371642474537377, -0.031979653230910315, 0.860699160686339, -0.6845678705995185, 0.7193880880450934, -0.1890494998273562, -0.7196161923218998, -0.04714489554495885, -0.7634660838541061, -0.8128522423168518, -0.11473320818843344, -0.3658816199638745, -0.27104250290502063, -0.2932236751502564, -0.30532285987915686, -0.7331306906417763, -0.019896919375926744, -0.1941756141348874, -0.2989943574664925, -0.027527666004723846, 0.3157567308080597, -0.003480662385301005, 0.5258952008345218, 0.14698742550753946, 0.4547084943214275, 0.755855272851028, 0.27496379802075566, -0.2761055300254773, -0.08248006630776811, -0.31177919741686116, -0.3577986671746233, 0.5198280054270229, -0.2541333099046302, 0.11125591590356906, -0.5205924530651126, 0.18270949894889235, -0.7712122374470782, -0.22749937116380414, -0.9085989282107944, 0.06152025242458518, -0.3034578871203971, 0.012957938417603893]}