{"iteration": 423, "fitness": 19.32987687977398, "parameters": [0.1229489747228948, -0.09670317094129821, -0.4557978141219718, -0.13900698021845592, -0.5243299336642289, -0.10645348143818555, 0.38464509117929935, -0.3074890590144184, -0.11969086920840141, -0.20150853247035563, -0.11275782414594848, -0.13246621594821323, 0.23261639379273646, -0.23039507997228945, -0.1091056282508109, -0.09640063845570716, 0.25442673029278834, -0.20151957626173972, 0.12465205677653086, -0.017867501357020383, 0.18035360700283226, 0.2374797041910554, 0.5517862173808745, 0.6039944404673477, 0.1824426158444406, 0.4679648816314226, 0.7221330996084177, 0.661471710795679, 0.6604304700126182, 0.9493311063354332, 0.3316771661492404, 0.8094603881152568, 0.6635986305544463, 0.9901025831405209, 0.65233487556947, 0.6670028861415164, 0.5488035575113008, 0.7395420204483673, 0.5559329983178724, -0.013285404371333015, 0.22385595784703569, -0.2594947925564897, -0.08898748656518114, -0.22908127232857506, -0.11506539313679992, -0.062056409921811315, 0.059660797167889176, -0.22750534471559572, -0.09591496225431914, -0.6321412370844423, 0.3441460982288517, -0.29044191154347065, -0.021045593790243677, -0.4014543255177305, -0.5324693993466647, -0.048410992479771174, -0.13395066044138929, 0.14250679731635574, 0.030293326174066878, -0.29602786973284967, 0.27072699611054396, -0.02888112314131037, -0.009361690776745106, -0.03523326562844235, 0.1684503695895161, 0.24393191772079875, -0.6690067302897067, 0.06545607349290625, -0.4726463344040798, 0.09483280326599376, -0.18058132074716757, 0.038540241229654326, -0.12385750638389044, -0.4196761177208771, -0.51419315127126, -0.06409376425910523, -0.1444736548508187, -0.2149831853121212, 0.026805600093131526, 0.5425756552586385, 0.29272947682480444, 0.06582534950643656, -0.4561290992163347, -0.7349429243815071, -0.6434265015824259, -0.5683342929130397, -0.5461781765639855, -0.6796557559595501, -0.07196788392114145, -0.3957702212706195, -0.21011198774364417, -0.2919275849248325, -0.2768572866555552, 0.28042763886033856, -0.3046955861734665, 0.023852662923579928, 0.3376888105326893, -0.24154102036448233, 0.5263101773351578, 0.05060925319523525, 0.24286975329170887, 0.6166710041065396, 0.8414326756644727, 0.14628028784790595, 0.7090429609465502, 0.7414713811339585, 1.3027765889045737, 0.29688674852483415, 0.136591908374229, 0.6141035782522622, 0.5636160432739099, 0.006670387884873791, 1.0226354327114218, 1.0166761124991077, 0.6329416296982451, 0.7829291355634361, 0.2837937042567784, 0.6455738278678178, 0.5115418556809573, -0.02331802467434661, -0.1612594854463215, -0.13057191946932634, -0.4708017606074612, -0.37955710867835335, -0.27064329204276666, -0.350179616359224, -0.4338705454680696, -0.5773635241343246, -0.5588809471281199, -0.41637628088597817, -0.7312689238199622, -0.12441652641123065, -0.3139674329487998, -0.4396675253487522, -0.841378337031768, -0.15688244094047102, 0.0980014994293629, -0.5127004170688764, -0.23853792169719612, -0.7167548038751682, -0.20926118912872607, -0.113392118601009, -0.48192064032058285, -0.17296025074394517, -0.29954061909881946, 0.04433992278691622, -0.21371028445080015, 0.3058615829037973, 0.3240176316955534, 0.0582792282531112, 0.4279773882426061, -0.06994315609481601, -0.11283438681460754, 0.05921736233164587, -0.17665315135418994, 0.21087578176800165, -0.3708700978616855, -0.21316833993435125, 0.05683033253034171, 0.2805968589542961]}