{"iteration": 465, "fitness": 24.211052545748128, "parameters": [-0.2441035602965747, -0.10146966807493478, -0.3408086638443743, -0.0364202828926844, -0.23335257529319078, -0.6837327394251792, -1.276576709512773, -1.130839577061087, -0.7026655110501273, -0.22660260912160443, 0.1717348051025428, 0.3675139120497233, 0.0437502391212835, 0.04786459367742569, -0.289686433520292, -0.3852974905151123, 0.10858863460705862, -0.4680059473323981, -0.13968423345882056, -0.17734471305337807, 0.07790783707835441, 1.0971775106002783, -0.03032656857597699, -0.21526906602170262, 0.2505796177329252, 0.15102332774134167, 1.4019480569978138, 0.7400305508999524, 0.8751924254810575, 0.4094485645432666, 0.3994027845206532, 1.0160044464240803, 0.6099488571035991, -0.4410518045660551, 1.873198080876628, -0.09948817027977291, 0.6720304685208706, 0.5030396809351996, 0.28894596662486693, 0.675659432326285, 0.1892335478575377, -0.4302952797440524, 1.1843539913773402, 0.0005602678307133776, -0.7253854733301985, -0.030868841086030583, 0.2894055206604844, -1.3190832927710612, -0.22971808463377896, -0.30876735026078783, -0.20534036345172374, -0.8123421927478383, 0.18484600655021485, -0.4406210747747459, -0.46716977067599486, -0.006696714581428621, 0.6477322558243901, 0.14033368816616185, 0.027486941157598484, -0.24139049775089735, 0.7169484460822138, -0.7979645711376213, 0.19034023343820874, -0.036536470924963906, 0.20963509301521518, 0.5197843784154026, -0.20572131982005876, -0.218555842044165, -0.032498884400054065, 0.5795073975018452, -0.6488251342247592, 0.406089136880422, -0.5320470150054905, -0.1413544492489075, 0.16752458898018457, -0.5315261156715111, 0.1356753054661423, -0.7526528552717126, -0.555046912955826, -0.08911048213952999, 0.41689876728935527, -0.494732182927838, 0.5213339047248688, -0.6743156175395707, -0.40872176513182196, -1.492323003449802, -0.2533002870643714, -0.3053984280324084, -0.7486517611009853, 0.19890706754209678, -0.6173815935013037, -0.2654168238385508, 0.016500429246850978, -0.4595909707926476, 0.055333462714053205, 0.2741385733404592, -0.290137836121592, 0.5721789465793826, 0.7043053349737122, -0.2723809986122185, 0.5199341912258661, 0.5405554926440388, 0.799109586425222, 0.08578353871194373, 0.5632326760345501, 0.7124661426224418, 0.8590741512282131, 0.6290569713704649, 0.5746431791860912, 0.28989391140146137, 0.3533000682079464, 0.10873309947860046, 0.9385878536028416, 0.5108451315640253, 0.7994422296262702, 0.4167516143910657, 0.6512384908847139, 0.5057225028461064, 0.3930619154760584, -0.06463738958730385, 0.9053987558276958, -0.7218874602111565, 0.7341155435540087, -0.1812463606917003, -0.7266188387981811, -0.0607313250590905, -0.7806382253994183, -0.7982207159048038, -0.14345878808835782, -0.3417055827787949, -0.2707422339519445, -0.2874801434271453, -0.31465103205297856, -0.7239509765821739, -0.001927422545593529, -0.18198676285319956, -0.31583284491962016, -0.016411703119132082, 0.2958827259888419, -0.04622247512854967, 0.5704163342118564, 0.10908760042552476, 0.4450140525399929, 0.7437834530431178, 0.22068996268563124, -0.314480549691137, -0.04948894736449232, -0.3413384443450927, -0.33789845467347007, 0.4951620479610549, -0.2571468783209803, 0.12033788704152473, -0.5216655954994163, 0.14216015491826967, -0.7641237321839073, -0.21503082073232577, -0.9038058819614159, 0.0657565023859141, -0.3418506549847317, 0.031464036342388486]}