{"iteration": 422, "fitness": 16.344441565170534, "parameters": [0.09950803341832713, -0.09661678301496944, -0.46585096924062996, -0.1090148348984795, -0.5184867162673954, -0.12074221998044474, 0.38108364697400615, -0.31125956421009, -0.10583517769458968, -0.21623860838017153, -0.11663601578691454, -0.13827312427699492, 0.2443221733650567, -0.22679789166544917, -0.0854828493380129, -0.08563527101620827, 0.24290674086991132, -0.20162166222039962, 0.11879785330922184, 0.0021827101915247483, 0.18492706976938045, 0.2548732817425265, 0.5579694190721338, 0.6030364243203886, 0.17133563240252989, 0.4718066046612119, 0.7246427007797634, 0.652870130150345, 0.6524008460327783, 0.9427855394102437, 0.32641050467104554, 0.8064849253195954, 0.6634398473167833, 0.9811863748412422, 0.6445253161597407, 0.6652967580192173, 0.5522282302689685, 0.7377927749222103, 0.5488738134078255, -0.016550692177189037, 0.22511917356575198, -0.27056878949457935, -0.06482318933251603, -0.21170712401693617, -0.10924086840919861, -0.051062632044259475, 0.05955746365733905, -0.24974240337781903, -0.09670444588917486, -0.6372185586307318, 0.3550905837517168, -0.28762738065156024, 0.002277255481311625, -0.3995776888032991, -0.5301201950438919, -0.04248160562868218, -0.13802124394251247, 0.1482903187542742, 0.032359417653063195, -0.29746493203779467, 0.25394508144441447, -0.034239317543436176, -0.011659215134559989, -0.044152850826185225, 0.17967421578590628, 0.24570210364610212, -0.6550451199708011, 0.0681573858120619, -0.4764539979672076, 0.08625369670165721, -0.15005940724491595, 0.024623979484284332, -0.10536007508533887, -0.4278466329421463, -0.5253239045105288, -0.09065660742113502, -0.14852176817274093, -0.21349492163915693, 0.045305523737613235, 0.5451352061002579, 0.30333528704287843, 0.0530378336709277, -0.45108198676229905, -0.7650266114924402, -0.6513024669458349, -0.5645188950962867, -0.5414349901706671, -0.6685562214269536, -0.07551766246393601, -0.3820277322700196, -0.210566129982198, -0.2736723452775902, -0.27301401029598404, 0.2950266612609589, -0.27697405616273707, 0.020793350566797805, 0.31862341106887426, -0.25788493046121186, 0.5258077258548728, 0.06292519177274734, 0.23714839473371527, 0.6174047451344893, 0.8629300922394065, 0.1485015571954909, 0.722775681270842, 0.7426235241611148, 1.2945092180320046, 0.29278830072464623, 0.1413654848038765, 0.6209842276793087, 0.572403868640761, 0.01940301355865756, 1.0172473051455582, 0.9977414658422326, 0.6184114703995139, 0.7798843567677396, 0.2752877533361782, 0.640121780031925, 0.5193766161471376, -0.022231419173872537, -0.1564169192584803, -0.13605607872742997, -0.47041141101384537, -0.37346955675254184, -0.27950568287354766, -0.3573760583885187, -0.4288232957376169, -0.5875488705100994, -0.5706063497751511, -0.4099431821367643, -0.7464268151375166, -0.13272076175423816, -0.30563806421659634, -0.42874848336489396, -0.8419772456230015, -0.1382574440994039, 0.10956342041631913, -0.5025235337226562, -0.23391382461311808, -0.708486261004993, -0.18717288565024717, -0.1265088083542328, -0.48296061000744506, -0.1647458646006958, -0.2908565303602654, 0.0324244625848845, -0.23419543568761864, 0.30453608749228445, 0.32588876671919753, 0.07102013344227665, 0.43295341638688356, -0.060575885178322325, -0.10670493723957772, 0.05993739805233025, -0.1643681356909203, 0.21521962014098, -0.37598686641878426, -0.21124600547041655, 0.0505456872685654, 0.3053066335809162]}