{"iteration": 479, "fitness": -21376.612228169623, "parameters": [0.09483381279493161, -0.17245066615422833, 0.048790806136028854, -0.07784785129637128, -0.2746482754879596, -0.3101422605056285, -0.19661082290648874, -0.6439675953670748, -0.9802441955919319, -0.023224287987958413, 0.38352461115709524, -0.562879419529893, -0.4674394293575606, -0.1510448643338837, 0.3894605688949828, 0.01627940684440873, 0.10442444258053236, -0.1875569481742215, 0.08731023505153696, 0.21103703708321855, 0.4879289616115112, 0.36117127600006266, -0.18592699860772505, 0.406126133545837, 0.8018746660064991, 0.7723414651181806, 0.9608268195734525, 0.7427195537043607, 0.16679472055027567, 0.7566372419987248, 0.9541264194403373, 0.4609387281629125, 0.7672207047392542, 0.3923749779416916, 0.8449065707385953, 0.7777646630293299, 0.48282293051275116, 0.22706101019946784, 0.6986430507039866, 0.23249228977052894, -0.4006470459339718, -0.0032509137208684914, -0.07803703919922436, -0.5431070572479547, -0.22079874745600944, -0.14500717120132237, 0.13855704300392535, -0.1969504158828832, -0.3501023943045765, -0.12297964032580846, -0.5198469688984997, -0.8466548458326293, 0.15256487521383816, -0.47023368937799004, -0.5008549279458033, -0.642691988051393, 0.06945199080616525, -0.16371616336500489, -0.45399870977168333, 0.01690061837069873, -0.409985266386553, -0.24872559139621356, 0.149398105421891, -0.40611835190780277, -0.2259648927941661, -0.000858997613912577, -0.18052168813503247, -0.047261270370932446, 0.06733057417280822, 0.11958968629505945, 0.2570788004545871, -0.6423276400242901, -0.07054780703755996, -0.37745059128115427, 0.3193649414813277, -0.1463580364367005, -0.10636256176981246, -0.41458068910740403, -0.33315534826574994, -0.32779592481293635, 0.41935108417419636, -0.7661105723019536, -0.2651670937681722, -0.5036162189737814, -0.13946811036144058, -0.377932969695625, -0.7519386301293679, -0.32570160920686914, -0.09549831508530332, -0.6636771868216936, -0.4020750930041506, 0.05892889318909482, 0.22789156047043596, -0.70564954401356, -0.03647473261169107, 0.15729558149790396, -0.043835764654980625, 0.061473341180525706, -0.07251187175142422, -0.095138857855908, 0.31877523076781916, 0.26480011520183677, 0.4825316718359724, 0.5613471232573359, 1.5260360814258964, 1.1989884146496539, -0.21378951983353014, 0.5553548650508108, -0.0006324748871008438, 0.4823124311292841, 0.9637766941031896, -0.032808783970012, 0.32847192148834337, 0.5939686001165353, 0.3914178644014829, 0.3621538213093168, 0.21808991538350694, 0.47950370699446254, 0.45595975538844585, 0.3871082986074818, 0.31102804504516374, -0.6010446585795194, -0.3979791663356664, -0.19808770609341414, -0.11890715786436576, -0.2665276829924148, -0.4164372163115411, -0.2018373724287541, -0.23872460069158996, -0.36676991312069146, -0.7222924228476806, -0.2596915987663261, -0.17840985907413726, -0.5320431005945435, -0.20608899938068018, -0.04841192485815749, 0.46858582490325545, -0.2182097239796643, 0.44909196372368776, -0.05535353749985546, -0.019092020186954852, 0.2333280800409122, 0.26486516848710207, 0.05777163541569545, -0.33638003715922776, -0.20884873825342856, -0.19962196828788928, -0.6223706658579061, 0.037237464048961326, -0.18529645807190323, -0.04462173022720017, -0.44845886351495745, -0.17460058636490103, -0.016808109567348177, -0.24920656057159943, -0.6066932507183413, -0.2690181025787358, 0.19990322517827958, -0.6367092931487751, 0.4492608969442952, 0.8193383233241285, -0.23237381289011455, -0.6075694960120365, -0.24890402732554906, -0.4501381922758026, -0.1000914545943104, -0.12293071420164058, 0.10086632128258932, 0.044081761889472736, -0.14260184866545283, -0.6119643953518081, -0.0431441947276898, -0.4191996584049258, -0.6531213845658699, -0.5753458087923046, 0.06217560024693105, -0.15525883103319874, -0.09273118163491442, 0.02990272986886488, -0.008358226246547973, 0.29254976355264123, -0.5939766495750315, -1.3516418594334028, -0.10927037378592637, -0.22267289228210554, -0.3795137662250508, -0.21484035517733086, -0.12045521504486156, -0.5935502507910407, -1.2126251209718844, -1.1618964775785896, -0.6458535257173235, -0.14607705955444875, -0.3568948412306402, -0.902089250160176, -0.4435414982740057, -0.6253529286949061, -0.33020778226987063, -0.6488412190342208, -0.5748695908356267, 0.16640564032553076, -0.6241198999683911, -0.377965619963783, -0.2135225364101899, -0.5299750079126119, 0.0579569066475932, 0.12373230514598571, -0.6698923600241158, 0.16235310848585568, -0.8518101602742195, -0.7700982885775538, -0.5736062175869612, -0.5968041376628518, -0.179453402676634, -0.519742186545808, -0.523294916933623, -0.4400165701822614, 0.08974024067079484, -0.4278026272843098, -0.058879890773554315, -0.2898268782713013, 0.16238244613523137, 0.11804939032095893, -0.6210657750633217, -0.11732913520027644, 0.23539404359165145, 0.03980095250589847, 0.10429411301451462, -0.016950227795162223, 0.09178178879760733, 0.43057659524517394, -0.2235709808138209, -0.7984637845487902, 0.11438575879153269, -0.3721885172754758, -0.26004437219247706, 0.8347352799915101, 0.3302017615433951, -0.2265504277570323, 0.19256177670362548, -0.021583565844346952, 0.07045298258059166, -0.3937864889626142, -0.40491157493922264, -0.7075643658678021, -0.6392886561589133, -0.510173243067722, -0.3460652176427434, -0.4970740139204815, -0.7444339203683675, -0.3541816022953865, -0.17049665671966607, -0.4150567609692036, -0.9544604146388, 0.1399843308496463, -0.28889507794812114, 0.29190640226287734, -0.6461207732825045, 0.09124507990871522, 0.2035751873366839, 0.2282166147324882, -0.3500496771866365, -0.31877817850290285, -0.7553077326657788, -0.1485456527883398, -0.22480736624375286, -0.42579065478155625, -0.1204302740051573, -0.6758839089675974, -1.1541152622478659, -0.5606229018426014, -0.8282423380488133, -0.8264887128489048, -0.8483362152536231, -0.7351628901759377, -0.7101176884672693, -0.22925632912831118, 0.2609729759433126, -0.2329108723330046, -0.9954731440139956, 0.3622968006554729, -0.010268004598838287, -0.5944261253877138, -0.7021173985743396, 0.048190906306069155, -0.33003172751359067, -0.008432139645860124, -0.027350693248541693, -0.45835845879324805, -0.2974207827411278, -0.7832733147313978, -0.9170277642376926, 0.14609043077883527, 0.14002708333696798, 0.5870874796418489, -0.1567250098483139, -0.23816242994184203, -0.8235154716374975, -0.4282891398264598, 0.09680577346657408, -0.23102018762821191, -0.2639382977322238, -0.712539486664363, -0.005297190399352402, 0.17820866913471284, -0.065580320590611, 0.3264628333795093, 0.12647547040985413, 0.007646038934692684, 0.3130714846345346, 0.7368082151611249, -0.5151034012567222, 0.3811112022647043, 0.16493728498107937, -0.05826424641317931, -0.4787399176871296, 0.28771639658074394, -0.17375709907427894, -0.23839831116369173, -0.2909317003342444]}