{"iteration": 1, "fitness": -9.246869844832606, "parameters": [0.09080433328398985, -0.1591357017995877, 0.18443354485379218, -0.04212038433707087, 0.05027493580070165, 0.0782782137037265, -0.026737516186604002, 0.040641856597179615, -0.12363313910164657, 0.031226695506992086, -0.17347246179595527, 0.016244897646290852, -0.06488314930697883, 0.023637233997606685, 0.14418390299073688, 0.04690980681522238, 0.06331902281385916, -0.14803747872458203, 0.02063846280410686, 0.03452617547248382, -0.08053182676415137, -0.06135686541876872, 0.0074324862423373605, -0.10173008952719113, -0.08950572590918596, -0.08920632382064124, -0.008142682216246262, 0.2033041384670638, -0.02236606539314947, -0.11312811922554407, 0.2050832482977247, 0.1318650155800379, 0.07273556227583532, -0.006154153984538476, -0.13400440931728377, 0.04492603826370603, -0.0008724964993506897, 0.014059170106334347, -0.057447777858321225, -0.002258671590339414, 0.07291749109138149, 0.1439772874026953, 0.10859614684697275, -0.245217592369529, 0.10815164959790631, -0.11736336897489881, 0.07968834269480425, 0.04135080682589966, 0.011566142232810987, 0.11031390778054304, 0.040056469593532096, -0.05967281050190803, 0.010640257607721703, 0.029643394904244225, -0.05091719965123204, 0.10409841103846497, -0.012823600313729845, 0.0810295129075625, 0.0266252843639934, -0.1819043170284444, -0.13441676311022327, 0.07153195357073848, 0.004461312555851969, 0.18062114842666205, 0.059247239367173965, -0.03349852681586969, 0.015131525848225262, -0.1963183620526864, -0.10308605963349372, -0.0952489742436319, 0.2845492502074481, 0.0071259783952629645, -0.02765316727123098, 0.04897625823290436, -0.08151774003543483, -0.0027621929630249715, 0.10342515230261012, -0.054837334033150054, 0.021721386228233067, -0.1500971481226611, -0.03814739169884568, 0.06209717206486512, 0.007409208305216982, -0.02418625953443516, -0.0900714800846156, -0.0716271898326519, 0.07277778807335168, -0.0912924643720873, 0.06599354130134587, -0.04481347823305464, 0.11952827102911995, 0.18421537355860745, 0.038590607881043064, 0.2103290221686916, 0.017339201864140834, 0.15091918766119466, 0.06508982797982697, -0.1549316470584895, -0.07335948730606583, 0.052479781651076765, 0.03289317297372779, -0.009087159207247926, -0.07111325529208633, 0.1034266430114283, 0.20401821108433033, -0.1521983222837525, -0.08998210501773762, 0.05260812091764408, -0.09425691982020881, 0.03974530962047722, 0.10288962743316352, -0.15146318336289086, 0.03650441040383994, -0.05540528536743807, -0.11345144460190097, 0.006452483518324339, 0.028436995113999355, 0.0520672787732039, 0.08906361408453539, 0.1887227435506626, -0.1004678529691252, 0.11130269750837112, -0.11708003682110157, 0.07682903146485519, 0.11162836283422622, -0.07064172294363265, -0.012912002782394745, 0.00702589911786418, 0.0779699555199922, -0.0635878142631761, 0.08455472668115163, -0.08925614587373604, 0.03063059710844181, 0.11206693649588888, 0.03562366698902197, -0.061976078524640855, -0.0161826479857537, 0.1000233623114936, -0.023494934698953227, 0.09710523994457192, 0.04315310965712032, -0.014139372797756983, -0.036177280291873434, -0.014758001030123943, -0.08315810646205404, 0.0011339701236039983, 0.004224465479846918, 0.04696478539637518, -0.1543049749989305, -0.0743837281679087, 0.06609208471846678, -0.04559771071054192, 0.0809211741410674, -0.09099420128121746, -0.047762163130162086, 0.18807732797157806, 0.08653424583072995, -0.013273384861975945, -0.031903174482988246, 0.07352373373736662]}