{"iteration": 1, "fitness": -0.6263466012393526, "parameters": [0.08461616029137821, 0.08919641158819516, -0.053856070935228546, 0.02397939078092145, -0.23197595215888514, -0.06836606016836148, 0.22407688449006796, 0.021151251404871556, 0.06653551187792042, -0.17884545222104586, 0.028370384698504905, -0.09180287201024394, 0.09303304713537193, -0.02063650282320087, 0.003934794693173118, 0.04733533499773919, -0.029111976191016443, -0.12635543263809576, -0.0006874614358280766, 0.119152724739759, 0.021788113085803553, 0.09923595713379389, 0.15718528411200536, -0.11980748905327906, -0.06167025824973574, -0.09952756715416627, -0.002184964256377031, 0.05614512542908251, -0.09908401124445622, -0.10679630368038702, -0.1289552768849047, 0.10681657502867901, -0.08739404979000485, 0.026053948240556606, 0.19563216949618165, 0.07015130659662308, 0.061805105232449746, 0.13519075120935753, -0.057837353847531366, -0.09562049281026368, 0.11885347623802578, 0.008495072773282918, 0.10140756511653791, 0.020854874932345217, 0.048497220619281946, 0.011503509941170808, -0.06711494905828501, 0.04360144032935012, 0.06848208472206291, -0.01309044118090121, -0.07472923900286242, -0.03953691689350637, 0.007977476333798202, 0.12345805959661815, -0.00044080202185150553, -0.15183893643244953, -0.03621211486198393, -0.042255321826993104, -0.006550071383511564, -0.004863774088621353, 0.03121889484142886, -0.14896838373479557, -0.002914492870340896, 0.03899938837518323, 0.0318839892791443, -0.047699932587061074, -0.014355597152404035, 0.02098333807166223, 0.096652030038572, -0.046890327447771746, -0.006440003996321746, -0.022681921917610072, -0.019083943984881366, 0.15363074739310473, 0.0005288515909485734, 0.16964525571095265, -0.09432614952754537, -0.01684030744000944, 0.0031801927170128502, 0.12387718484267216, 0.15144401567677873, -0.029101465861905162, -0.05381212061061569, 0.0356069896705312, 0.011660649912244301, 0.012314139767969537, 0.047886621332496083, -0.020210340458281798, 0.04792578449856182, -0.13103615437717203, -0.08069113420262525, -0.00609237659211562, 0.01888404161121772, 0.1337261837767331, -0.01447166580155411, -0.023109453676541054, -0.06381155023154773, -0.05782180959033604, 0.054552921964580954, -0.007844361294651233, 0.11558906734393722, 0.0720332826176338, 0.022234510847194175, 0.014311457443619042, -0.018326235891693573, -0.06169272494218349, -0.009182684070870918, 0.04140029569908663, -0.07832354018166598, -0.04204002008886866, -0.0859084898320782, -0.013961425697795467, -0.10586888908473065, 0.0302159430362151, 0.0005417101404440105, 0.08182266434821601, 0.06768795843798718, -0.05554744940383194, -0.06449788230570418, -0.10099479019835944, 0.03096551511837607, 0.07993870771835579, -0.12211989587975874, -0.1596711893639184, -0.055920477331634036, 0.04622954762389001, -0.04572483289771347, 0.11171199369717878, -0.03804986713321694, 0.10554501257208096, 0.004683858300787069, 0.019437044658294322, -0.011392686799733707, 0.08395133791978819, 0.14721382946559505, -0.013735628018549982, -0.04514136081982707, -0.10865168639692885, -0.07834569451326909, -0.07453165177540778, -0.06675868675250377, -0.04600476960307191, -0.0729903083905879, -0.03633500447686365, -0.12090687091530175, 0.03844405106197279, 0.013660582545181304, -0.08185623032496953, 0.03527417446631735, 0.09557256410253663, -0.1520414284660696, 0.046555090580381715, 0.0981242142256226, -0.05768872448970117, -0.017534464993207745, -0.008787387538136932, 0.02596826458448649, 0.04103677028500028, 0.07968698927130305, 0.14542402615450314]}