{"iteration": 0, "fitness": -1.7398171717936801, "parameters": [0.07127993180787157, 0.030055071335853036, -0.083725923161982, 0.05563961361722787, -0.13569991177818366, -0.06876847200645671, 0.13670642075552922, 0.013687835959815323, 0.0814852530539195, -0.06919519637555567, -0.05520338476101681, -0.016468308085994643, 0.021494537033067203, -0.013765061511048168, -0.0602668952760005, 0.03596636359391782, 0.05339484282171516, -0.0936273711254404, -0.056091703348283665, 0.011176333793195475, -0.009089951567490543, 0.12530833823044846, 0.05735567145723238, -0.046045296371232676, -0.005201985527857661, -0.04920525995773646, -0.01654016112715434, 0.04996003317052872, -0.07025184463893178, -0.11282466816424844, -0.06591822823183328, 0.03406849664086392, -0.08412213892585357, -0.008866703828102987, 0.13011601349192845, 0.05048423762552812, 0.10348558748977334, 0.055245978162514656, 0.029452881918537854, -0.0928987094464031, -0.000271959919368815, 0.0016737580081616805, 0.05768950641117291, -0.07202199253449752, 0.06088338019611985, -0.05092684405165592, 0.013117413267502386, 0.05354068079722802, 0.004144758093174581, 0.003221174111314032, 0.03805738273012107, -0.08761182380757769, -0.03207345035586717, 0.11336173021428991, -0.03789939837003413, -0.06364540752737702, -0.06275803515265235, -0.03233430040235892, 0.025966870579821916, -0.019618599898811692, 0.025251454329674232, -0.049002711710603324, 0.06665482453535634, 0.010820027797431901, 0.03755178188823333, -0.054849831574715596, 0.01083648084052841, -0.028968824245263078, 0.04906578777562522, -0.06622548670592464, -0.06357956381414599, 0.052246040125303976, -0.020121805423419875, 0.01780147178172437, 0.05024856831340684, 0.11730743830972375, -0.04260663663055768, 0.018720068189252245, 0.040033720304272144, 0.08798925954537698, 0.08286463881453479, 0.057453257834311544, 0.0018037270019946611, 0.013996843163874853, 0.037378214656155366, -0.06896624801489834, 0.08141784528879263, -0.07124056484616517, 0.013036472320746579, -0.15742705019590253, -0.04755942183491025, 0.005578460208644886, 0.025189669669301043, 0.06441971734978576, 0.03804295291256398, 0.0458096302436306, -0.03470549031482084, -0.019787435101679657, 0.06372172061483009, -0.012710285895069375, 0.05704855450399807, -0.0017394574867319152, 0.05346071527889999, -0.03407775931435877, 0.0186577792450492, -0.09421856029514401, 0.00045480199319107117, -0.014634291823871218, -0.07577884915135304, 0.02016332060466542, -0.043664559556383646, -0.07190638858747127, -0.055755478826191626, 0.0309329212066578, 0.03274985859449137, 0.009868420697093849, 0.02086414045846176, 0.015299462651272322, -0.018886042217245803, -0.06628942072549235, -0.014009859180755299, 0.06598526512367382, -0.09588318351555276, -0.08998567554880903, -0.07735052199017026, 0.011100449715182538, -0.040344661789078064, 0.1147770273101586, -0.0572016580319669, 0.1352086444854345, -0.028856046029847322, 0.046375094540478556, -0.01826517489153677, 0.031047535606485335, 0.06883892084622682, 0.033803250649516114, 0.0020050784010470584, -0.0380385523680682, -0.06784405991578324, -0.05378139208177837, -0.003513904179502689, -0.054319960906271725, 0.04469856132668511, 0.051125029256426896, -0.07679400927545696, -0.03745859809542881, -0.005003400927863113, 0.0729255588004232, 0.04451913799471123, 0.09944734276204438, -0.0770450549332045, 0.07128181288413617, 0.07652118297388465, -0.1187783384580523, -0.042097412780393036, 0.026871421109332737, -0.01744128262056078, -0.008933684120485924, 0.014815302488488048, 0.10409522367886333]}