{"iteration": 406, "fitness": 24.036371597730504, "parameters": [0.1505885726108005, -0.21489316546525375, -0.23365443594377255, -0.4157575747767251, 0.3282129409813269, -0.795677055813518, -0.006629496164386976, -0.7606802700116998, -0.4547374954269347, -1.2542693848418904, 0.016437103819213865, -0.9677248917897701, 0.3164590836568643, -0.3175667315104477, -0.20429031723413305, -0.1226292620793642, -0.19575880336582893, -0.26886129673596715, -0.07851804821747152, -0.5272292899078559, 0.7559680093620897, 0.10207725409067729, 0.3594291079862818, 0.347351978499213, 0.6141350391769398, 0.3798091016330516, 0.8345319072844036, 0.5558975261418887, 0.21400836459580452, 0.32537724632959975, 1.309415609607773, 0.7418430194800466, 0.5706300450548677, 0.2638028606618351, 0.0779041109020309, -0.1511974876040425, 0.7810659150930194, 0.8958640544433623, 0.45708746986188314, 0.7148146828033192, 0.13994789185813358, 0.7092066593409213, -0.01778560919465032, -0.10515354930518445, 0.6302533427907184, 0.22334100915842184, -0.8565832118725751, -0.399015326265693, 0.19648294365366353, -0.6118681503509487, -0.4297533720950951, -0.43045845301918073, -0.7811733390353196, 0.08324447609695845, -0.12292227922644217, -0.7240608557045716, 0.08848821225351376, -0.41444264921619023, 0.11070830313669211, 0.06912191962876653, -0.3503056763003652, -0.41082209525314295, 0.4747303505105394, -0.0029573013713345294, 0.48898664726598506, -0.6173459977283762, 0.6280966214309684, -0.3924723103280101, 0.3464011980064142, -0.4740192224816065, 0.26892459155716, 0.11818441556732702, 0.1414898724425973, 0.038255243400377364, -1.2317781125690366, 0.07825344172072192, 0.23846339203097902, -0.6584986915312805, -0.42104945018327367, -0.23363910245358185, 0.5183708577275251, 0.40426285432945436, -0.035498217617945534, -0.2683298503616125, -0.7725249663318011, -0.5379670205797973, -0.9212357822543417, -0.3872912081723169, -0.5171034559290545, -0.5653640932336444, -0.5860706090378348, -0.07363544627548518, -0.32472163632671586, -0.06913583251673633, -0.10183577366270462, -0.23741726515981218, 0.28516063937502395, 0.1771325504856571, -0.4922451708084635, 0.019900441148241327, -0.2407997417805184, 0.5917431404222092, 0.4195391962610476, 0.8550284338286447, 0.6404424821877395, 0.27056853204927944, 0.5720294520345891, -0.23344581145740226, 0.9788487499123321, 0.564995359439159, 0.48192745739405435, 0.9405925302798896, 0.20628556453436817, 0.25709127193881715, 0.5327542193934165, 1.0933116850174105, 0.23705126095847867, 0.4304180171310215, 1.2212314978939605, 0.659991935292114, 0.43812482077874193, 0.1585289782240218, 0.33179784882639896, -0.35542580409287244, 0.48929873043123023, -0.24078063698716243, -0.2940208724861291, -0.4832259352867788, -0.5485517918681978, -0.754196697264599, 0.08127104038210024, -0.5894802799065277, -0.32087896118173065, -0.3273186608690059, -0.532874818422604, -0.6061797146543527, 0.01785140832647635, 0.14732124491552814, 0.1308114049572793, 0.31065630027157076, -0.013687862916187345, -0.041533606824413906, -0.2308251420554696, 0.03842385786690448, 0.7015592225734323, 0.2068061049207925, -0.36315267816127, 0.3946333162394698, -0.5722632279182128, -0.0950603089076257, 0.2466224310332648, -0.052039911263392205, -0.2201183560882868, -0.398748398289, -0.08343589046104344, -0.9436503768668045, 0.26916018147454224, -0.6216308115826891, -0.6316810692367416, 0.0933221091872789]}