{"iteration": 107, "fitness": 99.00747969536162, "parameters": [-0.2898981432654452, -0.19442394839385121, 0.13945538103924923, -0.2418183078010684, -0.4758361009071807, -0.17281975372506495, -0.27602715466450406, -0.1712731957562252, -0.29547158223342956, -0.33005871608397863, -0.07834150453576152, -0.43727693316480876, -0.16320038097479556, -0.1771095616993187, -0.2976325451634395, -0.23533839345553303, 0.13072522389318406, -0.32494743510158636, 0.3062670363231194, 0.03228503457173403, 0.29915809915477054, 0.3154824656501954, 0.6094142961457366, 0.5940788994625543, 0.4300986552437194, 0.4044962843618252, 0.5290136958455384, 0.6706102489736784, 0.21071618599402642, 0.775931654374306, 0.6777250494233901, 0.6316082691749781, 0.4431448491214379, 0.5613059662526693, 0.6371991678150878, 0.6542979801011207, 0.4547235991434249, 1.0052079573764034, 0.283540436389546, 0.5132073696493574, 0.039377801139070766, -0.1816814683461129, -0.5502401702754199, -0.4676227233583598, -0.06421959394959456, -0.585125097253576, -0.14419919089799232, 0.18447809996445647, -0.3207132051871462, -0.08912282156466722, -0.42418390555851593, -0.16397592219216292, -0.499941814125816, -0.15876651875545783, -0.14281593862694483, 0.04278968326956051, -0.5825436529975395, -0.23280842068894453, -0.33789653573468187, -0.6496405610910435, -0.17499648548126892, -0.01217031842146635, -0.02254434975588916, -0.24189573119682667, 0.07616605332869143, 0.1607708789254045, -0.010367317650526866, 0.052376152102023676, -0.02183194463866617, 0.1800441350380977, 0.10576718130626798, -0.1885134087456771, -0.15354384725332262, 0.11899155878185305, -0.3081366139020966, -0.03751016716992709, -0.18177806664065949, -0.26231542231516913, 0.19654298631589484, 0.3157314509579972, 0.04024853762498697, -0.3608170415296887, -0.11281890504898394, -0.11082022255293389, -0.32780155361107705, -0.377016147228781, -0.705273615435018, -0.37955155978824673, -0.3646250491614341, -0.35391685214991386, -0.3411366535995388, -0.41462845688697886, -0.34726640550671795, -0.24656853053080036, 0.00606990371237183, -0.07433671852084947, -0.0985285095395516, -0.03555305901274208, 0.027114711899077302, -0.1659118942329119, 0.029373482605781973, 0.6760182562385442, 0.7147887055595136, 0.7357430617861357, 0.5176479152216066, 0.4496346336027821, 0.5574072919953065, 0.7387790649042829, 0.5763938231221996, 0.813860624615193, 0.48123633060886933, 0.5039512066498376, 0.20560729203830946, 0.21137475170884099, 0.1769015309778727, 0.6557282484913215, 0.45804680497983935, 0.1697598545701494, 0.8524546899696399, -0.09040048409660208, -0.3495162587819185, -0.11054526583420715, -0.17844804626356733, -0.3232074614381624, -0.14862922565375225, -0.2734823947034567, -0.3587959403564801, -0.2548232567447055, -0.6196372820724289, -0.5405557837902344, -0.3831416855015577, 0.12959125250232523, -0.43333994420698524, -0.3078476471126428, -0.006785800119961207, -0.024222176420069443, -0.4311745324164217, -0.41506606869163204, -0.8302264183065201, -0.18067460221578185, -0.043062790505608364, 0.09913223251065062, 0.301469062320143, 0.4012802059494528, 0.23364284289339143, -0.11240397150551627, 0.15690144912669107, 0.12029577336488086, 0.31444655766691765, 0.2178981171373431, 0.5668112905163298, -0.186355404360861, 0.07139750586469143, 0.18565413419865162, -0.10987140430645559, -0.1795065746362695, -0.10377894517196358, -0.038512605717745646, -0.26046523585255593, 0.0887454932247097]}