{"iteration": 415, "fitness": 36.33713591879634, "parameters": [-0.03353404743994577, 0.15665176901309208, -0.5044804762821105, 0.45812964257067545, 0.04153556119861641, 0.4124563745514873, -0.5643170925503904, -0.39022740140757695, 0.4470718246340096, 0.0729258364008451, 0.06758985704419601, -0.5158121088703341, 0.414259929527031, 0.04281852030500988, -0.8252372375850888, -0.14070780525892457, -0.2551129170719705, -0.057611882185673875, 0.19506898917563756, 0.21185828971220114, -0.17290672278755534, -0.3673802431733708, -0.24928758651566088, 0.22440307599077822, -0.15139939290053056, -0.02209593124347197, -0.4976333152616402, -0.020407406801719243, 0.11214041316648979, -0.0867765498634276, -0.44045621572801, 0.054347123991816654, -0.24351318007456066, 0.35601625006481735, 0.062285516951377205, 0.34559057026896445, 0.13907866328262342, -0.11125937538879477, -0.16522503590631463, -0.061643720666045475, -0.01101148681387959, 0.36136207234724255, 0.3757738827568081, 0.2787429705343482, 0.30790427232898754, 0.37766039652842237, -0.6068263500552767, 0.37363620630629063, 0.180551251530769, -0.41312178497689817, 0.11305440510337562, 0.14181949899213525, -0.13887535393439096, -0.33893006511891954, -0.03486895283113897, -0.30560663463444715, -0.0029712290958693144, 0.019680221921090806, 0.5242255333438586, 0.059844694316333664, -0.1852999243636458, -0.0860628287496595, 0.3604837510962225, 0.2954749396750453, -0.1281694791005032, -0.46932663801126007, -0.16574695594011848, -0.46549906125117635, -0.3638816904797152, -0.3908882049936013, -0.37860359833411855, 0.14772613087070893, 0.6748871284431454, -0.2808187312531525, -0.09010076403073432, -0.034027136144444914, -0.2693903391019596, -0.162806579964999, 0.445436993084688, 0.15022747469128434, 0.19331607042077512, 0.10064903588029284, 0.09688268534905153, 0.011926673389786032, 0.3040097465301759, 0.3624895055189682, 0.8260996347177135, 0.18274393702386885, -0.21471532078324782, -0.1142722691373328, -0.09787065263250438, -0.5906582631949373, -0.025898437670013746, -0.10156523562981178, -0.407922708732754, -0.01803232346766541, -0.17689322329110016, 0.3089384722735182, 0.07411501748090228, 0.5046864951321908, -0.19176249498770198, -0.7817062907031792, -0.16053436801535959, 0.12018616917827772, -0.042010199676107564, -0.14081592424898945, 0.06293962053403605, -0.14279313854942902, -0.2061090238569678, -0.5059382625662997, 0.3749542539783281, -0.11004191059483336, -0.11158536571609086, -0.367026582959384, -0.13427565124968943, 0.5551180093758532, -0.17075516660356865, -0.23531480685078585, 0.15370562954800515, -0.3244017370573791, 0.04757308616987667, -0.19840508380592375, 0.10526715168180713, -0.36591702533005244, 0.18898325329088628, -0.4219687742946157, 0.022589973171782764, -0.5371897310943856, -0.42552181612819606, 0.0688552958862665, -0.10892845554060135, 0.6177695758906254, 0.4378633096707222, -0.7829649573922047, -0.4768215781565198, -0.4864854058973054, 0.19776356773992387, 0.8051655306222032, 0.46812981745325377, -0.09917252342338409, 0.2257674902070394, 0.07092768544826811, 0.3413879557875115, 0.009418388755811139, -0.25890666626896336, 0.22777076983580935, -0.6430164101428477, -0.17572201726861175, 0.3141740570353702, -0.01670274786887165, 0.12160823308644865, 0.012295365501813711, 0.11926771063519669, 0.466962791185762, 0.0013361204337604391, 0.3021038470201072, 0.018658799284551747, 0.3616859544696401, 0.08500544060127745, 0.11966352616594556]}