{"iteration": 444, "fitness": 32.481817906910386, "parameters": [-0.06646171830249405, 0.1173782973787008, -0.4782634138396099, 0.3974867619770966, 0.07225307872784963, 0.48720848691479, -0.5445598951708474, -0.4200323669204593, 0.46286797385136613, 0.17812652560936126, 0.08861332766554884, -0.520577549981029, 0.41830663464318063, 0.04792649155808964, -0.8169302834953759, -0.1547484274245436, -0.3113740395489992, -0.027739023939730233, 0.1814458084051427, 0.18070969963412653, -0.28632362186122556, -0.30887378494523954, -0.15128490520760104, 0.2380905035226584, -0.1906647929269771, -0.04410911109102282, -0.4198376620282268, -0.021079390718863004, 0.09510062184830366, -0.11790096238178242, -0.4234377018540152, 0.16181257753150138, -0.21300649227067067, 0.30118952614567474, 0.07603744604971577, 0.28262380284805744, 0.19164624113685153, -0.27663649938123336, -0.19071270555971773, -0.0629082023124525, 0.06643338973071476, 0.4421478540319482, 0.29007753285637883, 0.19414166491790824, 0.30235787004890424, 0.4810316100576086, -0.6385466512968173, 0.42276196628809465, 0.2895294272312485, -0.4012479615312952, 0.05036612200246826, 0.22593673364080744, -0.159694683597955, -0.3436000126983995, -0.02920810524273058, -0.3008750610387083, -0.06918215623068971, 0.026099979570211183, 0.42817692628258724, 0.028575638359962983, -0.148853622825285, -0.14942726178762775, 0.3949808872949412, 0.360641453008291, -0.08384704475150183, -0.48966843288898204, -0.124665395248908, -0.40873117358119887, -0.37542946748886147, -0.3713670630911457, -0.3865921113940592, 0.17629408530590387, 0.717193485197765, -0.25841960986062007, -0.05677998824896718, -0.062086098634840325, -0.36071866023688737, -0.21244552380216014, 0.4711522462771633, 0.23742717962207682, 0.21592222384445844, 0.07412631733917831, 0.14325177995155708, 0.02597950286729029, 0.3264511236962632, 0.41434320255801177, 0.8740091547421507, 0.2581565122356889, -0.2115053958055092, -0.19550689237940774, -0.11825490138185003, -0.6279198664918937, -0.05326553775630385, -0.2194252702041941, -0.5022207755000242, 0.040337213456229086, -0.2046871883720274, 0.34113585626221077, 0.06697680266658515, 0.42838974180888295, -0.1840556868595383, -0.8944907849174325, -0.08717171166820696, 0.029647598065219515, 0.027215662498561843, -0.135596490878936, 0.14610408534261746, -0.14931157980813464, -0.19495485736195692, -0.5204939307913793, 0.3192397978968329, -0.1879709185978259, -0.024834711089375426, -0.4029855070875234, -0.10602347840444866, 0.491430522254649, -0.21566677026817693, -0.2728847582012919, 0.2509942745202207, -0.32798836929168246, -0.012383415999485699, -0.23382071207734376, 0.08937004672337559, -0.38215195513081046, 0.15469707156958515, -0.49831910025540327, 0.007116874955613635, -0.4728800321969715, -0.38686305062071424, 0.08818382671352779, -0.1358596902400592, 0.5578557479189863, 0.43645983804084687, -0.8678779055160852, -0.44257308075830526, -0.4538839480751551, 0.22290014916191478, 0.7494322294933573, 0.4829562497250769, -0.0920934887893839, 0.27986520494525724, 0.12504128372361276, 0.2824829431075011, -0.0017384197840059883, -0.22452955548646766, 0.1938369279196999, -0.6933933421607539, -0.16906868886392434, 0.2683366506987141, -0.02689663897955769, 0.08832874007714035, -0.006226916617529265, 0.07309135669082634, 0.4721372934518982, 0.016908241369087366, 0.2487299143426422, 0.009478137650590683, 0.4073658279184206, 0.02033062782922942, 0.03442720466430681]}