{"iteration": 146, "fitness": 33.69053380604, "parameters": [-0.33979082130630944, -0.19178075671444925, 0.2215205117903748, -0.3180281564152472, -0.548421390113003, -0.2136760888968726, -0.25348362750638925, -0.12885560434222978, -0.3029687046377413, -0.2761511690400432, 0.15523784797988316, -0.4373050115443286, -0.3234975910223456, -0.029567932439287774, -0.23518368819736588, -0.42612096934645244, 0.09952113861101305, -0.22895644554914032, 0.314892713454169, 0.1297488025960572, 0.261117589980783, 0.3739582898202161, 0.49862003918611764, 0.6751235138997311, 0.3517341134485411, 0.30077341762747756, 0.585550787613838, 0.6188208650508319, 0.1662023053752645, 0.6136302994353787, 0.7353957345278948, 0.6963795163166783, 0.2631371710019698, 0.5768187508092185, 0.6636076092704827, 0.6408577706430918, 0.4945565519973931, 1.0480208594954514, 0.1607188702415307, 0.5363315183460863, 0.16109690295541088, -0.3340394480585207, -0.7637384271948696, -0.5189658380694244, -0.04745500329789873, -0.5139099673322193, -0.17463011548813173, 0.1710182585702129, -0.3304543894189574, -0.06921153795278388, -0.39055029521093243, -0.07982586647770554, -0.4895315456211361, -0.15041196822216155, -0.1746875008531749, 0.025097173212520828, -0.6881637758878179, -0.068945562860504, -0.26986947143449846, -0.6664054911837134, -0.14379900139164498, 0.0965544470883673, -0.11571476778736026, -0.3638800465528917, 0.2126772591703793, 0.22839782774628664, -0.03298578868494097, 0.0029588386351590127, 0.018509571366685646, 0.19168441752031526, 0.20723058742526732, -0.22981263959327983, -0.16993614847794739, -0.029799366134642173, -0.29065453982270434, 0.0850252890267861, 0.05726260813717202, -0.17822517583916078, 0.31564289548103286, 0.49549261425648133, 0.030977362434930735, -0.3963804802789863, -0.20494446065406385, -0.005883628720720052, -0.36906930559396134, -0.3179246759130067, -0.7110410185918871, -0.26762252621575155, -0.3966127190484618, -0.28282645068606965, -0.43566368312673115, -0.4085394999325997, -0.21122292051252126, -0.17687032498810146, -0.0007678354157640631, -0.1179386192561457, -0.2366313783710553, -0.16839360371938433, 0.03876238433006364, -0.2259509634104015, 0.06912810067668838, 0.620885456811471, 0.7460255417672134, 0.7432506347204888, 0.6132900950664615, 0.5033101246072857, 0.6132331062792493, 0.6458294903330525, 0.5520319062995243, 0.8367916296737127, 0.45235953820537605, 0.49202562810487255, 0.18247464791911222, 0.22760544672982164, 0.2370951005148381, 0.574615570915841, 0.4269771804265911, 0.13870826412156473, 0.7601232077590873, -0.14574348562032785, -0.37369350442378124, -0.08111640938727789, -0.148134293655025, -0.22377728973909897, -0.243625964205658, -0.3816580781922561, -0.48064562593257903, -0.3511473916676681, -0.5399422125083734, -0.6038978426257755, -0.37220235170196253, 0.2776791409385329, -0.3099181095830652, -0.283849144947196, 0.021197441510180912, -0.04677137707463795, -0.5493650534365536, -0.3972092811203447, -0.8075513818152645, -0.15296420529435034, -0.04532849140593002, 0.09037889133711607, 0.21759542175959962, 0.5187624360518442, 0.053866489746130564, -0.15672497665110405, 0.23223899508646448, 0.0913980656692573, 0.2049623420056781, 0.08181745224504922, 0.5215513840966873, -0.0920263792650843, 0.07106689236964629, 0.17762512567276723, -0.23817825726978956, -0.23168331565183112, -0.14199700239837945, -0.12382110610065251, -0.1661128510547724, 0.14361790204590405]}