{"iteration": 6, "fitness": 14.322545383028778, "parameters": [0.0025422658623736804, -0.1269098740731954, 0.48843021727955727, -0.29607623224208734, 0.12538320381408855, 0.031384854316290595, -0.021148603660904437, 0.14439561051707742, 0.08581493073982491, 0.13305288040297952, -0.0006280109768859021, -0.052438119362372734, -0.2899857151381606, -0.1497062403946481, 0.2010649337938836, 0.09604811297934213, 0.30601710650636027, 0.09065371818496173, -0.10855948252845345, -0.053380273245593815, -0.45894405397755633, -0.34671691663535376, 0.08941263796647089, 0.030211811686388763, -0.011138006748277194, -0.03376154993599303, -0.025199323664686708, 0.08708055996013846, 0.0354835436129694, -0.02013357009473799, 0.2917598732856059, -0.043998771092643635, 0.1698654140573146, 0.13035442742627804, -0.061468393865801836, 0.21934205526952333, 0.18836995355769007, -0.10409201011143418, -0.1752390997031445, 0.08885118310283903, 0.19173424242677672, 0.41722107522348123, -0.06514589305551552, -0.22384749477056984, 0.09929167316384997, -0.19304494873383407, 0.2943920556341828, -0.06451604192716058, 0.12757802653403563, 0.4168519479238451, 0.04008907008926204, -0.1691649113351274, -0.03909487045360717, 0.2883634835629942, -0.12919227448096704, 0.19782452806810444, -0.06419115767812773, 0.2610058375944373, 0.22277352250790203, -0.3753594234360126, -0.18174074683122465, 0.07309767618142743, -0.02293554768915904, 0.17720483960920738, 0.24877604493218977, -0.06785099919760931, -0.02533454308547796, -0.1462550539072136, -0.24060451371193878, -0.1882245790723482, 0.4419474129469564, 0.22844799377076588, 0.007623953251914208, -0.2344594799192033, -0.06547367646145313, -0.20816299844666888, 0.11201482219361719, -0.1312621431440965, -0.11178062562535299, -0.02945285038439736, 0.1563350959220747, 0.007944547408839209, -0.096562421317316, -0.08532404252392539, -0.4441161742707552, 0.006154146263279649, 0.1277210733745852, -0.04809475592816941, 0.09684067857056755, -0.38341875507455203, 0.1979382114260575, 0.1887076512174355, -0.0185350109064368, 0.10047053789474071, 0.09175908315276425, 0.20261017463508924, 0.2192340073505948, -0.32357717216425863, -0.10294394883146064, -0.0019422215564835615, -0.11360420433632146, -0.00047309127122067355, -0.005476092257183627, 0.20097378853803355, -0.021839782703426187, 0.04418719220314806, -0.1347584469481159, 0.05829800543846733, 0.02373693530451484, 0.06748083907013878, 0.33627553238647, -0.10982700585847155, -0.13110938311904102, -0.4535560272713486, 0.03182412602208945, -0.12483847844956701, 0.18890214823554102, 0.2547571320554972, 0.17047427317025335, 0.20697500459177556, -0.026639582920854415, 0.03730534499856443, -0.2372258192686016, -0.08994916937962258, 0.2087054434996347, -0.22193011271087437, 0.2499531401899497, 0.047026410865690885, -0.06307919974859418, -0.2927037764264039, 0.3836823569890216, -0.31873973049813376, 0.05670062026330725, -0.06700772201342578, 0.12519076740503363, 0.07163858053720941, -0.007779641670380184, 0.07008289887025604, -0.14169536569455116, 0.28865048886289424, 0.07341739792843865, 0.0005887933855137659, -0.13817860631417414, 0.2983051545046941, -0.05947647673892414, -0.29914924844477647, 0.02094188452487843, 0.06630425382922048, -0.04690831922589041, 0.09891073793054546, -0.16835505497257805, 0.020288220131166514, 0.28088720462275857, -0.17558009542997038, -0.1924249217529346, 0.04223413243301768, 0.06922375757137579, -0.04056185025973538, -0.028485250644028362, 0.22667283253226891]}