{"iteration": 498, "fitness": -21522.452665448618, "parameters": [0.09132099243260666, -0.1846373283938324, 0.058855580891746695, -0.041495557775813846, -0.32364659138694246, -0.29545197948234075, -0.24767993594161772, -0.6059852355294392, -0.9708737199971741, -0.04204100410146812, 0.41207742542642134, -0.5747246838717448, -0.4680306031320639, -0.1213786551251208, 0.3522367628645292, 0.03065617031113856, 0.12820919386963742, -0.20525603532943767, 0.12410389041543947, 0.19035446016108698, 0.48760419516169057, 0.402023408549157, -0.2013182080538057, 0.3867350182559347, 0.8445882425422911, 0.7807502913090065, 0.9184325766753192, 0.7388174618912893, 0.20123162773154402, 0.6742917737220546, 0.9586526565765213, 0.4900587166137406, 0.7539171904371647, 0.45225855153743605, 0.8437126002177434, 0.8160253541974566, 0.4744163050304468, 0.18457669552241385, 0.7208459989666235, 0.2286998717676949, -0.41488026313377463, 0.012065784798007233, -0.085260360833155, -0.5704900061670676, -0.22741343316341842, -0.11442831375424325, 0.18580999255955316, -0.19335986447516726, -0.3741183461685678, -0.055912166954859996, -0.4913911122646586, -0.8679926605657822, 0.08374306425011167, -0.4859187210010159, -0.4777762758094593, -0.6204830243565591, 0.060435599846071685, -0.21078175400581567, -0.44924662644859864, 0.022298655441296503, -0.33721704248095735, -0.25658477836368404, 0.1503515838163575, -0.4077003891581214, -0.27141973939973263, -0.0067608733062447576, -0.13230520697158027, -0.02517590532610968, 0.02769690085385651, 0.0925980788625475, 0.28504998649837915, -0.6860966504728404, -0.03477802429829437, -0.4229979800976488, 0.40217973664270584, -0.16636428742615625, -0.08518590888780213, -0.44019398461211195, -0.30684681366285704, -0.37184964047330876, 0.43838286620682765, -0.7504509439926369, -0.28338098857446187, -0.503240567674159, -0.17513180157448377, -0.39365964287801625, -0.6992647271934089, -0.34871362179572957, -0.06350134835852372, -0.6417853383370071, -0.36999319073207765, 0.031959524920660363, 0.25861209172505467, -0.6549158349894635, -0.0012776590873123678, 0.11194475259986725, -0.06073083064953903, 0.07537072872716338, -0.12618522043234343, -0.07452464465618121, 0.23884950065554444, 0.19666169709040618, 0.5585692406478929, 0.6019309926591472, 1.5564682794870228, 1.1863123399596767, -0.20317904433758457, 0.5233414087838619, 0.047275524179860966, 0.4954819687168263, 0.9226434313839907, -0.023422733812832663, 0.29109996110695524, 0.5556319990715276, 0.45837500259581376, 0.3013381359668367, 0.23854133163350805, 0.47617472401556066, 0.4851158623172911, 0.3817327923903055, 0.2607007657280665, -0.6795911092535935, -0.3876385018538317, -0.16297870427708344, -0.1250403502778967, -0.3140794455596628, -0.4208753213601897, -0.1897529475913264, -0.23407122911785094, -0.3507730030347976, -0.7356429321464821, -0.2267021352808842, -0.16887090958009673, -0.548763762587571, -0.17526489541713078, -0.07409064780794183, 0.43212759340187973, -0.25739797575473994, 0.5070804958667876, -0.08740475410810097, -0.03120083574294018, 0.2508074075508676, 0.2777700511263949, 0.09236792413282606, -0.330970445517801, -0.24352090239180002, -0.2994310898507134, -0.6616209724680683, 0.01691544479979014, -0.18470183095504597, -0.05511083743047743, -0.4891650733628273, -0.18354450114598542, 0.021191674362068424, -0.26406829988809305, -0.5900473844049655, -0.28653000510078974, 0.14925487508830243, -0.6239346555993999, 0.4955687455330088, 0.8254423572275308, -0.20999350971028866, -0.6323148754359517, -0.26875439875121854, -0.48341896858285044, -0.10231780751595959, -0.1635477598113399, 0.11759729266406554, 0.07159992298772125, -0.14418459871769793, -0.5778445914355941, -0.09389465263607218, -0.5126481856039401, -0.6286655762308768, -0.4851688313210412, 0.08015923035492399, -0.15680876927909776, -0.07279932448995018, 0.014017602727281196, 0.012528145937197303, 0.3022450370871284, -0.5898355769368407, -1.2746729923774256, -0.0952646352026019, -0.1714762788579405, -0.3542083405442155, -0.21182804204303177, -0.08395378212408228, -0.5615479681159607, -1.1607139900551628, -1.2351551197913084, -0.6532901476756777, -0.17511076036479997, -0.41718468649230034, -0.9871587584015838, -0.4771528615672817, -0.6036690484554598, -0.3168073986588746, -0.6077027203369163, -0.5726501863293212, 0.18071653072336857, -0.5836917059998132, -0.43551899328225485, -0.2655187541723843, -0.4940324721985833, 0.1044017624065734, 0.11307302884094433, -0.6176300019223409, 0.17250764422518608, -0.76409691739427, -0.7987775412991852, -0.5661436546173552, -0.6448026371780814, -0.1622396383238161, -0.5108349102459282, -0.5560089516936391, -0.43736225724057054, 0.08316971541697521, -0.357679238150058, -0.05510714572303363, -0.2919412640117233, 0.09313518699352935, 0.07640828178278933, -0.5848857609093862, -0.15233581527760412, 0.2686509403173226, 0.04643968403188909, 0.10806313816303328, -0.039958248570080006, 0.15299480325145498, 0.45823853859429403, -0.1967260823925587, -0.7402787465100228, 0.128412415341069, -0.36696466796736477, -0.24297404145335444, 0.8596886817593823, 0.34722517099404726, -0.25211453003659884, 0.1575998116459185, 0.01943394869954334, 0.09860627268484344, -0.38467469115281877, -0.4546699907798597, -0.7375237690605243, -0.6082073060499988, -0.5402738772260345, -0.37307810912314643, -0.5007094563931265, -0.7929955469571192, -0.38482331858160834, -0.14657580473948845, -0.47206953102654875, -0.9339277345541426, 0.09487898569098435, -0.3601341280765925, 0.3204340163782783, -0.6530350285287566, 0.1018979576355742, 0.17270430657705305, 0.2794802556432301, -0.3535082877464067, -0.2978000647296012, -0.8133277478990598, -0.15830568823637253, -0.17288897573960701, -0.39016920204884364, -0.1517231925366241, -0.7040800274907013, -1.22020438391492, -0.542716524097646, -0.8636006228664359, -0.7826410319951873, -0.8372843169555957, -0.718443843498081, -0.6538571417383677, -0.2286070432704925, 0.20810710444935904, -0.24702061131479586, -1.0690285806322317, 0.412769053653059, 0.04156623763968636, -0.5980579353124496, -0.6513352780991375, -0.026287715515777528, -0.35492038455346586, -0.02845554858194255, -0.025018757078332197, -0.42357563862049985, -0.33297517036442487, -0.7610698769592756, -0.8604492805727609, 0.1020245321978954, 0.1331146075127514, 0.6471850269327369, -0.15148637395733974, -0.22925852395980126, -0.8761514724424653, -0.37590614449117726, 0.01434984819439775, -0.22153945179255372, -0.17035851834134896, -0.6981847160983394, 0.006870419343082549, 0.18475478244047708, -0.09444413980740779, 0.3702516827951814, 0.14842883714568786, 0.048900820366566025, 0.34078646315338706, 0.7447260456879542, -0.5000314613575039, 0.3475747264337617, 0.2200202932098406, -0.0880167487286162, -0.4512845828578328, 0.3236270952367896, -0.23492406243108596, -0.30167886459753124, -0.3363220208178249]}