{"iteration": 54, "fitness": -18.567649060336276, "parameters": [-0.09773040547673124, 0.32841003664492363, 0.02301661054838111, -0.35381167768809946, 0.15448125415657127, 0.13164615364933938, -0.13531487624196054, 0.1985297220862507, 0.10918065740580332, 0.4141874094280507, -0.4327315269551129, 0.9736718873069481, 0.11948914823798097, 0.01593717157886267, 0.1579542654179963, 0.2746203447409729, 0.8098653199295008, -0.0820323170550329, 0.3168649412511217, -0.3349867798200967, -0.663310681557873, -0.3644841278147719, 0.12972110970508122, -0.6293336570193674, -0.28720370381066207, -0.0473591736113331, -0.4878966800026433, -0.2917772169568451, 0.07765358445055036, 0.10725011135022966, 0.4128355061669274, 0.12750773397864731, 0.5938195411781291, 0.24911973993403674, -0.5758670216008192, -0.39897061711187815, 0.01842974314337464, 0.43863494479020293, -0.1038972441158787, 0.7883653661510575, -0.40694431085248667, 0.941222989784801, -0.16173361545430898, 0.1337294776900107, 0.5148043371411304, -0.3704716841873422, 0.316088772317145, -0.4616027541535544, -0.056570784528904836, 0.5394138548200748, -0.4352595203893842, -0.3049684295207761, -0.17006497059395323, 0.7395544654318119, -0.5179943734928285, 0.4111308559842585, -0.3191531552059574, 0.6344351045115344, -0.0840787319074224, -0.31077675771588054, -0.980470658225497, -0.13612359094608512, 0.23626460415669967, -0.2867095220970558, 0.32259896422053885, -0.23954421155171707, 0.15929111955179046, 0.6670907830850799, -0.4716921725337007, 0.6270861973601126, 0.4610086251228623, -0.1928622677837962, -0.43653295283581667, 1.1190838510733976, -0.7825452575413768, -0.4832579838553924, -0.07256962841116155, -0.17579747253802985, -0.19662436941560227, -0.2644230601804606, -0.18802310957558352, 0.9937058699697952, 0.28669407416343407, -0.23184256333909947, 0.3234312994073957, 0.208315561995087, 0.5095530338516541, -0.37100797208126907, 0.5700742424996329, -0.15684473294640813, 0.2483432103639193, 0.5532676799193288, 0.0850973407877256, -0.1277976032022562, 0.33431491079793424, 0.6902994955015355, 0.2778187598981514, -0.025803890678132786, 0.046115443084985566, -0.012667982182712999, 0.039867008891281655, -0.08532455311145919, 0.9755016070625538, 0.4104192770630413, -0.18394164758464857, -0.10866958612793488, 0.4288175666608071, -0.3382053484878227, 0.3690406456861597, -0.5108204777879364, -0.21476786004063544, -0.22227391906254798, -0.06989009506528028, -0.04583455828379849, 0.3996293869005514, -0.15233328807669008, -0.3146908489213038, 0.0321675991324436, -0.18110781784305435, 0.6555842962108254, -0.12680099713500445, 0.37599897783453307, 0.007188221870324762, 0.08660919886017841, 0.7866529098039724, -0.6897800317922461, 0.6944843860131468, -0.0008759704362330026, 0.1562465133879989, -0.3262714116350442, 0.6155758258720954, -0.5576338690911633, 0.20395942023204094, 0.1748727590254483, -0.3650811802787098, 0.05365287521798604, -0.6189642142223416, 0.2446287536486618, 0.32909020152035573, 0.26811943586841874, 0.19015399902046057, -0.5067144946312164, 0.9631085172023175, 0.37697091257715504, 0.05245785050702295, 0.07707021501867328, 0.5190573086565089, 0.24566531206319758, 0.24859939836624143, 0.10652191119782362, 0.3230594092154376, 0.42107243358043156, 0.17582160241936087, 0.18511165147111616, 0.7108763724289143, 0.3772978157790851, 0.724798035995383, 0.010904130070826582, 0.23228890721479467, 0.8815753692648911]}