{"iteration": 456, "fitness": 24.43704684369665, "parameters": [-0.24148125857710903, -0.1292815720876722, -0.35265981970666704, 0.04149038496338433, -0.3261800405253757, -0.7413069422526651, -1.2826809771270589, -1.1148817863342821, -0.6990242201324561, -0.24259883425490347, 0.15190158276327131, 0.3309993012210652, -0.0036010926686723464, 0.06871490007625684, -0.28674662871480344, -0.3762063801290542, 0.1064223755345361, -0.4200389992105135, -0.1715574041301398, -0.133156689889399, 0.02748057086897202, 1.099695774474438, 0.04021553299758954, -0.20593366131308133, 0.20297359875480522, 0.1503770157296564, 1.4340154640831713, 0.7621941792821977, 0.8226615264661286, 0.3439193674802656, 0.37018307860344263, 0.9862503080030565, 0.6441426992485524, -0.37593857588924906, 1.8294065355719524, -0.0707490609454759, 0.7540225731643889, 0.49768134863485103, 0.28822354339466283, 0.6254534317209638, 0.19084265321429056, -0.38820274913535435, 1.1951565322088051, 0.0123100716675472, -0.7597733787771853, -0.0783443055536223, 0.2689025407000802, -1.257478788388201, -0.2894687133228293, -0.29419507120097643, -0.28942376831967703, -0.8115295331279134, 0.16182116430139715, -0.4360695534065419, -0.5136517716744012, 0.03311365885475238, 0.7018481432154753, 0.1344771727237339, 0.08785013603434187, -0.18821879843137213, 0.755479253256293, -0.7984243407737339, 0.13978144336559936, -0.07883119492102363, 0.1390350734041209, 0.5268244090711677, -0.16582050124136855, -0.21659668031032686, -0.10357486433434294, 0.5617157832180643, -0.6041669734380012, 0.4506979117210986, -0.4833993274968697, -0.1454754306687373, 0.14961618593666898, -0.48677695451003467, 0.1060986499466799, -0.8039784710166892, -0.5555094750201788, -0.05189419882428025, 0.4270444558647445, -0.4650225510206442, 0.47702745614106334, -0.707287755868953, -0.37565978997066257, -1.4890800447918715, -0.2688237515335666, -0.32711911311674124, -0.751497664462687, 0.25619661250466397, -0.5923866102856714, -0.20851237399150943, 0.005922443833420233, -0.4120502391493165, 0.020752339413065857, 0.2751892749529425, -0.2922543783645489, 0.588289028729637, 0.6788920600090899, -0.3394676894334286, 0.46355691919237835, 0.5644197410775311, 0.7174397616796357, 0.07834920279878935, 0.5985281783076357, 0.7158626103272018, 0.9223686766555124, 0.5494780611317615, 0.5537379706464433, 0.2888664368274113, 0.35280106786865517, 0.0839792467602511, 0.8973306545984716, 0.4820990277305826, 0.776944192369093, 0.40688540098696646, 0.6326465228642898, 0.4666728671270817, 0.40105692547771893, -0.06372144331228728, 0.905587757176848, -0.7279545843561961, 0.7215947085899624, -0.14761667577785914, -0.7019110975893703, -0.09602624186839961, -0.7632830000089416, -0.778045460484686, -0.11858473412887806, -0.35020837192310406, -0.2013566608791977, -0.2854859588034269, -0.3236058802201928, -0.7620672547577036, 0.03283842188985981, -0.26875032476873423, -0.37334836225042667, 0.0013356080362120042, 0.19212722226769266, -0.09807965235535979, 0.49756712586403296, 0.04544774127756571, 0.42602270925594776, 0.7225023524737976, 0.18808282296130405, -0.34375067583132873, -0.08095327742943959, -0.3796550265892474, -0.26114584308364003, 0.4778915754914814, -0.2607067488835341, 0.17309779331386863, -0.5603056471066898, 0.10014293486240672, -0.8284524860120621, -0.20714772025181769, -0.8757732391788023, 0.10933790341299558, -0.39168739451568874, 0.05094023404474263]}