{"iteration": 212, "fitness": 25.27586943511623, "parameters": [-0.02902410424686464, -0.32682788267611257, -0.2497158244078527, -0.13141268442083603, 0.0422641614881962, -0.7768576498289741, -0.4940376618273946, -0.6441884654598632, -0.5785318123594407, -0.2951269664421236, -0.24897817347435344, -0.13971210267006043, 0.5072320354665103, 0.009184104934998938, -0.3894659804149174, -0.30615456575800604, -0.006805484741618022, -0.10590256662933384, -0.4296321612112878, -0.158844043757195, 0.40800580064851955, 0.2751828901506097, 0.3188284457029643, 0.5929310835694203, 0.22018419517582816, 1.1127498548244203, 1.0309788359120664, 0.41650634572171347, 0.5581929651893262, 0.44469505226815154, 0.47702273512443766, 0.9848797315150063, 0.1079363921543289, 0.6343417306620903, 0.5467940258986417, 0.3531033629634293, 0.6163689881592291, -0.13067315700244153, 0.5990601538144716, 0.37837290564722204, -0.017696528092268085, 0.06958302224489518, 0.5138036438652528, 0.5087027383993774, -0.5572081266737048, -0.2174241240312412, -0.02379312642900285, -0.44774421479609733, -0.6263029844138135, -0.10409422877835936, -0.2704615465534329, -0.7441715456331001, -0.29733544638746057, -0.3449779337701271, -0.19983905891593734, 0.1308734247938139, -0.0567463708449813, 0.2967841961477522, -0.007886952073933922, 0.19055382212981534, 0.24274501099920692, -0.23661416324216888, -0.04622321040656182, 0.0681964206447581, 0.3620899577843956, 0.06182401706263681, 0.22372701814075288, -0.043236516351111, -0.15554937738310087, 0.014525019000270629, 0.34097208489752207, -0.0614575864559472, -0.3354077493185994, -0.488824502705129, -0.22190627604070381, 0.08302511381590054, -0.46668481768375814, -0.6500173481108515, -0.3487165295078778, -0.41804603048931094, 0.4816741511046799, 0.030344607473322585, -0.5735879331811274, -0.47413671467196455, -0.4689942472605584, -0.1566582533193445, -0.38514025430240034, -0.7423582104624213, -0.584543100614724, -0.6657480334294981, -0.20220054118560926, -0.20997275882154018, 0.3222174396081487, -0.4453881641301603, -0.3554389571879995, -0.02669853539378443, 0.4833213750686611, 0.14419401225660136, 0.41249099616295826, 0.21498112632961655, 0.3933136794421522, 0.2915666604996527, 0.787783723837858, 0.4054894935950961, 0.2944932407085264, 0.3836311820120635, 0.6500480575374518, 0.6273633544099638, 0.5662661984185384, 0.7177948375827927, 0.33463525571449637, 0.7766127025619416, 0.8851359034643229, 0.9667757864386237, 0.04507602811275223, 0.5708272891895338, 0.5255050627413126, 0.6154539940304019, 0.3359621872482485, 0.6339953027878545, 0.5055574580314649, 0.3366311037823892, 0.06739353282947826, 0.35865087526023215, -0.06521625964061643, -0.5838092647922224, -0.21100649978683358, -0.32347870962891034, -0.1836390050391669, -0.3447288807029497, -0.532419036554971, -0.9343887888908973, -0.5843240751967915, -0.5608750850657827, 0.010093668912311385, -0.13028399575447192, 0.37692497802486286, -0.02835621569131076, -0.5596983042498657, 0.16629978217129088, 0.1471855424298584, 0.1206654003465745, 0.10096314251697967, 0.09937910312628105, -0.12159446218644644, 0.27432008205340036, -0.2369048764604756, -0.07809926165727019, -0.36888610567743896, -0.08226947270008936, 0.0963916536413813, 0.21619371918684782, -0.42215388143882776, -0.08549640201625228, -0.5745933765986174, -0.75853847252591, -0.5254629533089928, -0.15980578922773575, -0.4065296083843524, -0.29815759354967386]}