{"iteration": 487, "fitness": 39.69337003440871, "parameters": [-0.06329566476254979, 0.11177648328984842, -0.4050095955697302, 0.47521597182895886, 0.0811137351774442, 0.4510581746304688, -0.622537462736151, -0.3485429437388258, 0.4586530506993379, 0.24560117539747547, -0.03805171907416629, -0.5154062940402276, 0.44195701448173197, 0.07207739279392457, -0.8310513745589029, -0.19109998184289706, -0.3943714295809626, -0.04836092629642252, 0.214779372739918, 0.2572197036162784, -0.3658056405823164, -0.3663489024884667, -0.21513925193803976, 0.16655417485396776, -0.1606855287056321, -0.11875585711419138, -0.4335685322953587, -0.016833820570254784, 0.1364697201149617, -0.13713950262433264, -0.3477981813101351, 0.046259117852473275, -0.28192009759946246, 0.31648241071870387, -0.0026040659593712253, 0.34000598273809585, 0.13185115598511699, -0.2585266678054543, -0.2315839761365113, -0.0010325953039251456, -0.06411442418908775, 0.48341029794367174, 0.34047504425097225, 0.21347158924281154, 0.3171755246102451, 0.41152689609633747, -0.5775188644076998, 0.5026298304107937, 0.28078210413155497, -0.3631550709571138, 0.17219671651029408, 0.177058650397536, -0.1765762010321479, -0.3116803200420929, -0.05670384972399058, -0.31394861929529494, -0.007826107604895265, 0.06703761212348369, 0.5367910396039114, 0.0628218623717819, -0.15629759659828485, -0.09295113612561791, 0.4309839862845752, 0.34349707819301556, -0.004528015928002455, -0.46206285031939537, -0.07253488065843183, -0.4294065563160677, -0.26845919851958244, -0.35273547048579873, -0.31099372202742936, 0.19078863640901966, 0.6943041517422667, -0.1632554709895527, -0.04710688034515161, -0.015934325503657063, -0.3091686015480976, -0.21572826128826256, 0.4506884392613691, 0.22694538545809423, 0.2888325467855072, 0.10434887165343557, 0.2504736942293404, -0.10616100329542731, 0.3004207701954722, 0.47644806404880713, 0.918844699096944, 0.11094377426612795, -0.19469596445144352, -0.2503663062402744, -0.13067735426743618, -0.7246697266700672, -0.02849375553516368, -0.27994421725280705, -0.3990738221582908, 0.04023049681888656, -0.21918802119758, 0.2964089290952408, -0.027658337202995893, 0.3184115577626455, -0.18278335789547778, -0.9208823013595779, -0.048442245851784055, 0.04779900388899889, 0.06301656999862348, -0.22344341655069125, 0.09438263075529583, -0.13637633191779255, -0.1713175283092386, -0.5615025099448925, 0.3287307154449862, -0.24808070372281127, -0.01569774876523975, -0.3426235179907571, -0.16509937313701473, 0.3966173595266784, -0.21546255464446437, -0.23462735966391218, 0.3253395153838217, -0.3103191546935352, 0.029149504743613927, -0.21775703391179654, 0.16861007683369325, -0.43290922847212304, 0.15923352214054054, -0.4798947851332084, 0.04728208739519267, -0.45167600260371366, -0.4828829867561705, 0.01313146852380908, -0.10557624924534642, 0.5768924435859396, 0.33998341466462684, -0.8962358690497404, -0.4523546015501249, -0.4147361338961161, 0.10362735516428723, 0.6599735962850098, 0.5387148607105062, -0.12157829831188773, 0.21705717011592174, 0.1503311003864361, 0.30013592323390986, -0.05476512030378369, -0.220980471146117, 0.28781980766964466, -0.7033802322708608, -0.1261194877890291, 0.26323403013190866, -0.0832614173999234, 0.006306555674530782, 0.011014222403860541, 0.10913028528852108, 0.5190492938750274, 0.06129157098696872, 0.3052426254170725, -0.06099861049837693, 0.3332071177582679, -0.08269417194801305, 0.08197383756527479]}