{"iteration": 195, "fitness": 25.635474804681255, "parameters": [-0.08622329600253699, -0.2550767619677096, -0.34503133059310387, -0.07719648294055774, -0.018542685612493875, -0.7812916873069299, -0.48586837673107186, -0.6364686408349497, -0.6484066667560622, -0.2644518383191139, -0.284345054088967, -0.19015954212016978, 0.3875316137663373, 0.03999880126381731, -0.34492559887966884, -0.2943739272353267, -0.10622110593268488, -0.10671748180764627, -0.411859761624352, -0.11336779895286242, 0.37549911508203493, 0.21036985287840587, 0.3433336829545599, 0.6697805014592564, 0.17769562152795668, 1.0749812664971683, 1.0917978274408782, 0.2771495467107452, 0.47881229777223916, 0.558396228350776, 0.4284970464486809, 0.9776362107918825, 0.13735339191235252, 0.7630016631991657, 0.5606738762064013, 0.37284762962272205, 0.5538690275004328, -0.2219890762888329, 0.584016611760994, 0.5272614082044965, -0.10019513835118578, -0.10331696053592801, 0.459529421185899, 0.46421501161211065, -0.4443857984968436, -0.2689985386491313, 0.012104512606184123, -0.4298560478300424, -0.6003445367138427, -0.1352093440872593, -0.3461130463723733, -0.7454370457987961, -0.34039281854166725, -0.3178163148240505, -0.2416395291910145, 0.04315283963049792, -0.056125167306028435, 0.37770304907130375, 0.011431317995493625, 0.26212269662870014, 0.12095261600586638, -0.12995560836549727, -0.043819245225566815, 0.23350252125444498, 0.3437321985464425, 0.03221099714322694, 0.1670517888827442, -0.13526936997547126, -0.12090275901949234, 0.06535612143412907, 0.3352068475644148, -0.1548632013505836, -0.34302463553566903, -0.4823229591705133, -0.27530872781261306, -0.06844594801298709, -0.4180134133220158, -0.67017320070387, -0.24122043175257177, -0.3706699256678474, 0.5307499836023196, 0.051140091900929635, -0.5402095833747481, -0.5312680331374925, -0.4673473957104719, -0.3086561083459426, -0.33338259641441054, -0.5834219093009744, -0.5131123343501255, -0.6909533310866486, -0.1894408015168143, -0.34634963789120893, 0.27483809654866864, -0.5270614572170088, -0.30626865766790573, -0.0763386410613186, 0.3817312673451812, 0.12337607338529027, 0.34890528400065624, 0.2678370353944875, 0.4383067686835252, 0.3235365275760237, 0.6303802907394148, 0.4351132133287402, 0.3331849857809814, 0.37191891472465577, 0.5622111311764082, 0.6106772855022752, 0.6672537556957875, 0.6951262680266795, 0.16776517464838067, 0.6170328492736018, 0.7495074277244418, 0.8949367912685545, -0.07795467728716524, 0.46416936767904915, 0.5109712904959844, 0.6101252764141943, 0.24349018671138595, 0.6240000849873565, 0.6287759766351605, 0.4048401791334557, 0.013384745259969603, 0.28481083118780187, -0.05097860940056349, -0.36489306425328716, -0.34805837693678915, -0.3848087276693976, -0.2025418936150266, -0.43906811626982684, -0.5157479995677915, -0.9348129479472035, -0.5291496245436612, -0.4475172219109891, -0.023653765569251275, -0.2430068035065033, 0.38446997291058027, -0.030421504170856473, -0.5932125292773663, 0.043666526468951236, 0.17523948950878707, -0.008636573455154102, 0.09416353449934162, 0.07619938781179669, -0.14628365620914877, 0.32768492020819495, -0.23110447918812252, -0.10417552329597768, -0.34126098012942585, -0.09561713124170125, 0.12417811440295763, 0.2856309378710372, -0.5440798260985423, -0.21746877226133918, -0.46110210927393364, -0.6088681378220567, -0.556903398944376, -0.20778162194397679, -0.4294216922789962, -0.3721789178820802]}