{"iteration": 389, "fitness": 24.229045987394365, "parameters": [0.15295460792155582, -0.25737706802931687, -0.20076655403770757, -0.4864879487132454, 0.30889309323893144, -0.7108810678924969, -0.020040473332852953, -0.6825141273713259, -0.5537222387003536, -1.220375706080564, -0.030359841128261594, -0.8784392918436135, 0.4009466877120523, -0.3061498022319322, -0.2117570069403524, -0.15081712937998654, -0.17786728404536664, -0.2613346532326028, -0.03499789919066947, -0.5229964417415935, 0.7319947276789854, 0.07709832309708953, 0.33619642841997366, 0.3850035561003517, 0.661314082136729, 0.30319683826474875, 0.7556289063657132, 0.5399363080577312, 0.3270121331315968, 0.3783235541108324, 1.3718117609145204, 0.823964691638687, 0.5847620422949784, 0.16134384180332131, 0.018216365049939703, -0.17355001899900538, 0.8144083479207114, 0.8722797090883295, 0.4822895749355135, 0.677276021076766, 0.014655957717116431, 0.7310892483522818, -0.022153310848104096, -0.10618727935537131, 0.6504482773240065, 0.2533319065063117, -0.9281698201980285, -0.48447130246603215, 0.13623207344782834, -0.7450174366995354, -0.419870757707264, -0.3100443049677027, -0.7518238455587637, 0.03534132651382078, -0.10054143692884913, -0.7569143168542931, 0.09174961581506941, -0.3735621411395311, 0.09816686812879515, 0.060578747767001506, -0.3223458325392571, -0.35841843285562136, 0.4744231045195952, 0.04853782181066243, 0.4971968495431785, -0.650044479706247, 0.5925386979815456, -0.42502090466786957, 0.37085834829087827, -0.368752192949058, 0.1512329347267953, 0.0739497016781446, 0.1729192074368529, 0.05421560809630247, -1.12492625129005, 0.039183821920528605, 0.22295066993777207, -0.5678830808618892, -0.35943216946033507, -0.23246449577575118, 0.5438037510707576, 0.30281495503716965, 0.039474712198059106, -0.19451447561849564, -0.7518706694137061, -0.5630585084625619, -0.782222888969026, -0.4748813151457766, -0.47224601666242383, -0.6050103452867668, -0.6282099180635422, -0.10523862001859514, -0.26643219941991486, -0.113558759276827, -0.04717489134327562, -0.2285851588777967, 0.293930016906622, 0.1517423133673341, -0.49235591532844925, -0.008818454522904766, -0.2681240758926472, 0.5584816235492904, 0.384945795561098, 0.8354442932051529, 0.6543747940872529, 0.31306641409698954, 0.4990111119603995, -0.2875188258191936, 1.0192985562887193, 0.6186454218463908, 0.5098508631689858, 1.0216798788836678, 0.2665230696256615, 0.2858172063136375, 0.5343071043297937, 1.004030549967855, 0.2802501876880555, 0.5188448357844749, 1.2319928886819154, 0.6360994226545282, 0.5142107050656678, 0.24251412108912368, 0.3633849373785954, -0.36995676035082814, 0.5065764423815285, -0.273236965725048, -0.2828367541374155, -0.5539630103610098, -0.4959585157776535, -0.7949376400299939, 0.20830475544564506, -0.5964812867300947, -0.2237398044500154, -0.23996965725390898, -0.5652270161410303, -0.5462610858758, 0.02919018828755459, 0.12170414833179036, 0.1310251926849191, 0.3599005838906674, -0.033599164975899744, -0.06824590863856368, -0.1743216872569324, 0.08364738751620589, 0.6536847382418832, 0.1731157715285943, -0.2872424126248303, 0.3093864572921365, -0.528677876477404, -0.17783215541980193, 0.22277231035449377, -0.08852418008908469, -0.19499712425870014, -0.4168493804583535, 0.07744470824749149, -0.9673185875671151, 0.24557205515487826, -0.6211766457842041, -0.5175429863799209, -0.006108008225446928]}