{"iteration": 10, "fitness": 5.045025666533339, "parameters": [-0.004382321931097976, 0.05851768432674099, 0.2119014561295925, -0.18468479330018284, -0.15142693830682932, -0.20988062110456143, -0.1608638996133801, -0.0018589228462447223, 0.04178933659224392, 0.13766666647666348, -0.1204917287049464, -0.09666876104784453, -0.1559718960068834, 0.10411999594507682, -0.3309767480689466, -0.03672122381024358, -0.04336808870670041, -0.6122185070531502, -0.021833372813412074, 0.028884197485636226, -0.17861314912769302, -0.23785035023259188, 0.10042007941592869, -0.12286477125711699, -0.0012860973572837138, 0.01580371363038972, 0.12723696590543593, -0.27349107214065616, 0.3565042746541978, -0.34230401517266446, -0.018189936936818963, 0.002503373050972818, -0.224987499356227, 0.31340221234013166, 0.26154960988007553, -0.15186555426714324, 0.3046586319113967, -0.0682763283073263, -0.36813828935957593, -0.2407049626161472, 0.06616494556307455, -0.11695282615026287, -0.14932596498390677, -0.01886839542061678, 0.01404947718146677, -0.2950406597970453, -0.006846988683654721, 0.07007079218901428, -0.12725818862215524, 0.02603643879991317, 0.0964504272753661, -0.2631701448343419, 0.17104437029704528, 0.09546242439955459, 0.015747464197476135, -0.1761132409488028, 0.08695764845849324, -0.2521499654284799, -0.047575490990145304, -0.06038527390170131, 0.1620626842681032, -0.22696753532289402, 0.04465131160398256, -0.23336505447447464, -0.16536836272354213, 0.07204334545935297, 0.18917390090340364, 0.38830821782334735, 0.13675831145326273, -0.07458552509393485, 0.039488399803896165, -0.36185581009957213, -0.19416366601822505, 0.38207801369879, 0.3021393056472396, 0.1740326387594617, -0.24353671315121558, 0.2072511653298911, 0.28211520460043804, 0.1489785030380445, -0.20072867269220768, -0.11187518165022081, 0.12257784167552518, 0.08137650106660768, 0.03202827183116122, 0.03232924318773138, 0.11311923922582255, -0.23745637264956249, -0.03945003405611142, 0.19760726417395055, 0.4447424595842366, -0.14179152069287437, -0.25146685549647224, 0.188483047705215, -0.359273694172613, -0.0428491076722376, -0.3974571292780018, -0.09310829885748205, -0.18427831733252428, -0.29189879488824577, 0.0921813429255757, 0.4097033503190461, -0.08746005171009179, -0.1749615846471586, 0.055160112036726015, 0.11742023482130867, -0.0785633465295856, 0.20161854623153724, 0.03712464890982796, -0.3366238173784077, -0.07203866918128345, -0.1878566455913146, -0.17535780617839367, -0.06447409747391536, -0.09860365699197364, 0.514562146148294, 0.1875475651253689, -0.48397713035449874, -0.2584524173106333, -0.08452843602565453, -0.10247659119184353, 0.163742990242976, -0.0030014351082155596, -0.11482763715428067, -0.015426387013894904, -0.06322868903710643, -0.10782007095576843, -0.006782132174651942, -0.08649917230060634, 0.04908981831382123, -0.09874992637160834, -0.09485897102337013, 0.004899127511809107, 0.3952033764811383, 0.1402044729741136, -0.13178971787099283, -0.23614284691423282, -0.04604096404363972, -0.059682993890785546, -0.22755250178122644, -0.3299373190282723, -0.10090737655694107, -0.11669255626197785, 0.0042874282664622804, -0.2568922083697598, -0.06390610629722601, -0.10566404777542164, 0.028034039972333124, 0.1494831419103849, 0.4260053337325862, -0.12732617859140963, -0.14836101267518303, 0.23298243947017291, -0.02831928375663615, 0.03787606800592834, 0.1261137144244436, -0.3095565343698421, 0.08151248332111624, 0.20681442964518157, 0.58466946412787]}