{"iteration": 486, "fitness": -21435.548853394255, "parameters": [0.10567335241785289, -0.1375870658105201, 0.06502596097496136, -0.04277258899035307, -0.2715105195680552, -0.30636082651005636, -0.21862651487021592, -0.6197495504630021, -1.0188807555707242, -0.03454107187220373, 0.38767074216756303, -0.5698496976136338, -0.4602473692475406, -0.14710726558961204, 0.41386430963011783, 0.03592014698778908, 0.11461500063240514, -0.18748089768155593, 0.11337304050558279, 0.19739775552406214, 0.5113347195602459, 0.39512637084066665, -0.17545268563529562, 0.397889830744288, 0.852725746890219, 0.7846565706668499, 0.8995376617038147, 0.7420579942767794, 0.16415776245572822, 0.7160629063891452, 0.9555934667093694, 0.4691059403482237, 0.7577395533403332, 0.35992521834082797, 0.8301421539741786, 0.8196135861760884, 0.4631560502431129, 0.23816491243044066, 0.7027629735868121, 0.2539530641998554, -0.3955155243862463, -0.024482439000546474, -0.06479216132645386, -0.5390003111006847, -0.22657992762049536, -0.14750961795113712, 0.17766458724837772, -0.2083834516508717, -0.3824763365574801, -0.13025231844769286, -0.48891481495307176, -0.867261324967337, 0.11283841202337701, -0.4836436726731023, -0.5243065975473087, -0.6213606489290061, 0.041858101452813344, -0.20007516256254648, -0.45531046474063014, 0.028808238546035873, -0.355687037724476, -0.24294736847018816, 0.14425902208061256, -0.4358547557884503, -0.23934859476835377, 0.012068298796046048, -0.13890961228584453, -0.04640967285216968, 0.04332589473473335, 0.11432173931767797, 0.2737775348036671, -0.648077420028164, -0.04660268743433222, -0.4004929955684739, 0.34355904724384423, -0.155767378131972, -0.11638931813858604, -0.4378031208519284, -0.3630902008472945, -0.3432920727440089, 0.39600691780544023, -0.778632974131483, -0.24475256181247323, -0.49542660145158046, -0.1662385494390638, -0.3842078573664155, -0.7594187048183864, -0.35282042314312556, -0.06605213857817117, -0.6303152999856582, -0.3924731347524565, 0.028919395855302676, 0.2500993372617312, -0.7088876799041297, -0.04340866203144636, 0.12603631104345475, -0.05102183866764089, 0.10219446954904218, -0.08161673713072831, -0.08156245390111294, 0.28601578376038406, 0.24782763928155754, 0.5171816741866264, 0.5695889231150476, 1.5399244552315015, 1.2139081618235608, -0.22293068033567312, 0.5565463678936496, 0.005168654604861451, 0.5223538437792724, 0.9721407373733428, -0.036557041628940565, 0.29952891022803196, 0.593375869854799, 0.4277497327984027, 0.35982285027280203, 0.20650583119759017, 0.47368029165560765, 0.46237824220522866, 0.3898855098854368, 0.2999841269870074, -0.6273968805045022, -0.38885302163195745, -0.1845830612039156, -0.13727648631698455, -0.27990469329650003, -0.4280908555591566, -0.19873722988545295, -0.23155171720985412, -0.35969486141653884, -0.7342271137960232, -0.23087891074562242, -0.18111311842444625, -0.5526460947863155, -0.1848027828201635, -0.056513596351901785, 0.4827674310254125, -0.24754103063280594, 0.4572142451127249, -0.06773107963298157, -0.016163855455997148, 0.24983491725152615, 0.26791847607655817, 0.07522343090405234, -0.33856923682770634, -0.20331362438758702, -0.24030701556029954, -0.6254804322156092, 0.02915102601904729, -0.1693954677138936, -0.03819200881884193, -0.46975946848738415, -0.16521730143150057, 0.021332582014195304, -0.2430303194719768, -0.6243832158112814, -0.24969169111254827, 0.2008635348476726, -0.6200416303850098, 0.45468061259618336, 0.8321287464481695, -0.2470022787248791, -0.6024117532160647, -0.23232268877807064, -0.4612516970408033, -0.07324764592258266, -0.12126888053117216, 0.06912312697094278, 0.0433505164802176, -0.15814375786246995, -0.5917408724720332, -0.05888448013901298, -0.4508606479394509, -0.6366090047994495, -0.5641315542001848, 0.0825607213637183, -0.20373254469691618, -0.08325030235124217, 0.013455765730954137, 0.0019074440190812664, 0.288590654345477, -0.5677800315088503, -1.3519193953816304, -0.08382662716486225, -0.17435588887163217, -0.33091262099716034, -0.18934438662938394, -0.12541457407227227, -0.6017601393102244, -1.2195675802811607, -1.1756920139448892, -0.6612456954071082, -0.15007721248013964, -0.39336250472922535, -0.9293017963334509, -0.4396369636314618, -0.6294951780406559, -0.3348085667192579, -0.6485952291021908, -0.5743095852177367, 0.17048789479160706, -0.6060220484682586, -0.38221090313989386, -0.22000315839984777, -0.5027267592655349, 0.07558331858047695, 0.11880121541204695, -0.6583189942976547, 0.1883695052519931, -0.8021870581502658, -0.7915178132839611, -0.577859469830169, -0.5647199120682583, -0.18441053442428443, -0.5058794785466588, -0.5345165878905234, -0.43116833102606295, 0.08909001254443503, -0.40933039263997173, -0.07408013854945227, -0.2904297183043244, 0.13283780134716244, 0.08743938954856934, -0.6082280274677527, -0.1271895748914859, 0.24612303347565306, 0.0740647310786863, 0.13196880118541987, -0.031145235675280106, 0.08734625845429651, 0.442539446084813, -0.2085300116204196, -0.7777777463403952, 0.12859275596556838, -0.37220676887575943, -0.24961541318818833, 0.8598339287976118, 0.33684792478318776, -0.20099976113437276, 0.1652166584741827, -0.018424241186715856, 0.07790388663469358, -0.362745954542692, -0.4540472825135446, -0.7046423616262438, -0.6426434318510593, -0.5215506750371895, -0.357129116508484, -0.5019159085287508, -0.7416477754597087, -0.37188450993590266, -0.18341345293523104, -0.4267842186111644, -0.9569544180880422, 0.14157002109705794, -0.3013014399207516, 0.3054307344401676, -0.6566933172355695, 0.0839988336224096, 0.17689316840983427, 0.22444856281708345, -0.3497799320268293, -0.32349002356060186, -0.7722155360471606, -0.17071554632808716, -0.23741694657585452, -0.41714717113935906, -0.1324617382024323, -0.7096930799608319, -1.1252399440210517, -0.5641036206438381, -0.8365953543543585, -0.7973247227245911, -0.8588382275442219, -0.7155384726679037, -0.7013630182073979, -0.21492424317908154, 0.2250271077876283, -0.22165339979548648, -1.0054215994974096, 0.4243678682599081, 0.031674203239489114, -0.5349376604558632, -0.7187991961558782, 0.03153032863407355, -0.36760041001058147, -0.03697284911099428, -0.023419621462463756, -0.4572853187525577, -0.3053188349487308, -0.7743803987234366, -0.9014365238503007, 0.12483307863777739, 0.12999399143826468, 0.6380242489820057, -0.17363383672366597, -0.23833415026943597, -0.8411739786976, -0.3804574577512772, 0.06865536168921564, -0.23290104561449013, -0.24520993317632225, -0.7186120498493904, -0.005333025356264731, 0.1554920433371041, -0.04423186637311508, 0.35443201800821017, 0.1440722861835478, 0.006448567022641436, 0.3352550808234901, 0.7377498093747671, -0.5122141005330414, 0.37377790268878847, 0.18681129776688368, -0.06442190720154571, -0.46391176061011624, 0.300740943838932, -0.19211599679714209, -0.2800096735506927, -0.3055141355275181]}