{"iteration": 435, "fitness": 33.600263535964785, "parameters": [0.09197143318844164, -0.07136194782701095, -0.47362058594954665, -0.15253441467560358, -0.5447098390206552, -0.08285273865927935, 0.38114524564262925, -0.3272272165301005, -0.14196166561179352, -0.17578419371674292, -0.11481484800278277, -0.13609149613363788, 0.21220823039815903, -0.20881489771969788, -0.06663890781040396, -0.024232955917219967, 0.2581663695369975, -0.20198715285560812, 0.10535107197424802, 0.000874126292551646, 0.16881024208337522, 0.2528276047858515, 0.5665831022403993, 0.5888232385350631, 0.1754358221393063, 0.46427754279622724, 0.7447486644199474, 0.6946165690637329, 0.666924188519696, 0.9483063508597944, 0.30468629599518854, 0.7839576036610041, 0.7109353173059416, 1.0141901198300418, 0.6671825281084739, 0.6273350852103792, 0.5325777447128281, 0.7136506383233259, 0.5842719645734221, -0.03246174385758428, 0.2489615590874558, -0.23088209623823777, -0.13014130701807475, -0.22999115103071652, -0.11218091541485746, -0.008809319494241137, 0.07328162493629087, -0.26957591565051675, -0.09906985461707427, -0.5952556749026745, 0.32789491831841944, -0.2532710229755117, -0.01137917037238325, -0.4409667429012589, -0.4744374417890831, -0.07481150919918304, -0.11601209802942478, 0.1505312219345221, 0.039840197158636355, -0.30810937429357677, 0.23513191902191344, -0.0036173212168029625, -0.00010405966894838756, -0.02484511917348115, 0.1702906379014435, 0.2446608108168362, -0.6598588073263132, 0.051370663987668354, -0.488437916485946, 0.08024167446573915, -0.1408588225919087, 0.0710782164940015, -0.11891844154873152, -0.44371998741599006, -0.5731384618951338, -0.06676110730955971, -0.12457421165069114, -0.21618750728966207, -0.008830860841712406, 0.4781479065198114, 0.26467869440074, 0.07300883689999023, -0.44075007517895515, -0.7652929104134386, -0.645471410060957, -0.5753894558025309, -0.5438752999024261, -0.7477598166776205, -0.07812129010499673, -0.46893193986007276, -0.2049447826621096, -0.28724842922303606, -0.290614965918939, 0.3377900829329662, -0.33443423526171356, -0.0011657415573182442, 0.380343044194291, -0.2689337335334239, 0.48617267783742496, 0.058138006660058264, 0.27387598487767223, 0.6394700374448001, 0.8403516214750583, 0.1546569201954013, 0.7190302114679692, 0.7216023777610002, 1.31036156588412, 0.30283823767275597, 0.1552517865676311, 0.6096715479492423, 0.5594179374578296, 0.0340974297308617, 0.9847964676511062, 0.9934673932180388, 0.6387001537642238, 0.7677492897196339, 0.30208144406970716, 0.621968980933937, 0.51348656347827, 0.013757448292548432, -0.15893116373556543, -0.1200215018858139, -0.4853696469910127, -0.425391353780853, -0.26803285932554183, -0.36921282712192693, -0.4562105443243589, -0.5372058806924951, -0.5101196228142996, -0.42783548107842756, -0.7572256526754133, -0.13227127199799396, -0.34449709372423715, -0.4368170045544002, -0.8626529893769559, -0.19310751223350736, 0.07798333538098963, -0.5052581919862088, -0.22833163334698317, -0.7404962335333295, -0.16123645304000478, -0.16216565424923102, -0.5082705148865837, -0.20343645153390777, -0.3293915015564572, 0.0325436894885252, -0.21528343914425985, 0.29682533898511415, 0.3356285592668158, 0.04028014089858237, 0.4498118348316251, -0.013643690535389597, -0.07977589994467718, 0.11509772551035144, -0.1808882544028181, 0.21656062344657562, -0.3568337117337021, -0.2235755728562862, 0.024435038711018053, 0.21619243990427778]}